title,date_published,author_name
Kiyah Willis on YouTube: A Voice of Reason for Gen Z,2024-05-10,Craig Biddle
Sam Harris and Alex O’Connor Debate Morality,2024-04-20,Craig Biddle
Christmas Music Masterpieces You Probably Haven’t Heard,2023-12-19,Jon Hersey
From the Editor: Winter 2023,2023-11-23,Jon Hersey
"New Music from Alice Sara Ott, Duran Duran, Carter Faith, and More",2023-10-31,Jon Hersey
"Adam Smith, Ayn Rand, and the Philosophic Foundation for Freedom",2023-05-24,Jon Hersey
"Freedom’s Furies: Timothy Sandefur on the Importance of Isabel Paterson, Rose Wilder Lane, and Ayn Rand",2023-02-21,Jon Hersey
New Reading Group on Ayn Rand’s The Virtue of Selfishness,2022-09-15,Angelica Walker-Werth
Sidney J. Gunst Jr. Burned Bright and Lit Torches,2022-02-21,Craig Biddle
Peter Boghossian and Zilvinas Silenas will speak at TOS-Con 2022,2021-12-15,Craig Biddle
Why California’s Move to Ban Gas-Powered Generators (and Lawn Equipment) Could Leave Californians in the Dark,2021-10-06,Jon Hersey
Rational Self-Interest vs. Religion in Latin America,2021-09-17,Craig Biddle
"OSI, PragerU, and Sales of Atlas Shrugged",2021-08-28,Craig Biddle
How a McDonald’s Gig Helped Propel Olympian Quanesha Burks to Tokyo,2021-08-02,Jon Hersey
Justice Thomas Points Out the Fed’s Pot Policies Don’t Make Sense,2021-07-01,Jon Hersey
Ready to Supercharge your Life?,2021-06-18,Jon Hersey
Boom! Supersonic Flight Is Back in Sight,2021-06-12,Jon Hersey
Barbara Corcoran’s Excellent Advice for Women in Business,2021-06-09,Joseph Kellard
The Biggest TOS-Con to Date—Day Passses Now Available,2021-06-04,Craig Biddle
Reach the Heights You Dream Of,2021-05-28,Jon Hersey
DeSantis’s ‘Big Tech Bill’ Is Actually a Step Closer to the World Orwell Feared,2021-05-28,Jon Hersey
“Understanding Ayn Rand”: A Powerful PragerU Video,2021-03-26,Craig Biddle
CDC Recommends against Americans Making New Year’s Resolutions,2020-12-31,Keith Sanders
Capitalism’s Greatest Hits: The Top Five Heartwarming Holiday Ads of All Time,2020-12-23,Tim Chermak
Nintendo Ends Mario-Tocracy with ‘Woke’ Rereleases,2020-12-22,Keith Sanders
Your New Alternative for Advancing Objectivism,2020-12-01,Craig Biddle
Carl Barney on the Ayn Rand Institute and Craig Biddle,2020-10-08,Craig Biddle
Tom Brady’s First-Handed Approach to Achievement,2020-09-16,Jon Hersey
CJ Pearson Identifies a Cause of 9/11—but Not the Fundamental Cause,2020-09-11,Craig Biddle
Remembering Grant Imahara: Mythbuster Extraordinaire,2020-09-03,William Nauenburg
Animal Crossing: New Horizons by Nintendo EPD,2020-08-06,Tim White
Raise a Glass of Trader José’s in Support of this ‘Fearless Flyer’,2020-07-31,Jon Hersey
"Thank You, Big Tech, for Unfriending China",2020-07-08,Jon Hersey
Kyle Steele on VanDamme Academy’s Response to COVID-19,2020-07-03,Tim White
Be Like Water: The Inspiring Legend of Bruce Lee,2020-06-18,Tim White
SpaceX Shows the Way Forward: Let Private Industry Take the Lead in Space,2020-06-04,Thomas Walker-Werth
Why We Created Objective Standard Institute (OSI),2020-05-29,Sarah Biddle
"Contra Tim Bray and Co., Amazon Is a Paragon of Virtue",2020-05-29,Tim White
Buffy the Vampire Slayer on Independence and Adulthood,2020-05-28,Connor Watts
"Thank You, Cordie Williams, for Standing up for Liberty and Integrity",2020-05-07,Tim White
Kudos to the Cordairs for Standing up to Authoritarians,2020-04-30,Tim White
Economists Petition Politicians to Repeal Laws against “Price Gouging”,2020-04-16,Jon Hersey
More Gift Ideas for Fans of Ayn Rand,2019-12-19,Jon Hersey
Promote Winter Wellness with Hygge,2019-12-13,Tim White
What If the Axis Powers Won WWII?,2019-11-08,Jon Hersey
Robert Eggers’s New/Old Kind of Horror Film,2019-10-30,Timothy Sandefur
The Bright Side of Horror,2019-10-30,Tim White
Modern Meets Ancient in A. E. Stallings,2019-10-24,Timothy Sandefur
Andrew Bernstein Challenges the Education Establishment,2019-10-23,Elliott Hill
Timothy Sandefur on the Heroic Life of Frederick Douglass,2019-10-16,Elliott Hill
Celebrate and Exercise Your Right to Read,2019-09-24,Timothy Sandefur
"How Whole Life Insurance Can Protect Your Money, Your Family, and Your Future",2019-09-24,Tim White
Life-Enhancing Ideas from Alex Epstein’s Human Flourishing Project,2019-09-17,Jon Hersey
Alex Epstein’s What’s the Deal With the Green New Deal?,2019-09-11,Helen Hamann
TOS-Con Video: “Intellectual Independence: Your Basic Means of Thriving”,2019-08-16,Craig Biddle
New Book—Rational Egoism: The Morality for Human Flourishing,2019-07-26,Craig Biddle
Loving Life Is Now Available on Audible,2019-07-26,Craig Biddle
Zora Neale Hurston Put Nothing above Independence,2019-07-18,Timothy Sandefur
Regarding Carl Barney and Scientology,2019-07-15,Craig Biddle
A Powerful Passage from Ayn Rand,2019-07-12,Craig Biddle
Will you help TOS advance your values?,2019-06-28,Craig Biddle
"FEEcon 2019: Sprouting Optimism, Growing Liberty",2019-06-20,Jon Hersey
Tulsa’s Art Deco Heritage,2019-06-11,Timothy Sandefur
A Wonderful Tribute to Carl Barney,2019-06-06,Craig Biddle
TOS-Con Speaker Spotlight: Robin Field,2019-06-04,Jon Hersey
From Sea to Shining Sea: The Heroes and Villains of the First Transcontinental Railroad,2019-05-10,Tim White
‘Sense Being Preferable to Sound’,2019-05-02,Jon Hersey
Monticello: Portrait of Its Designer,2019-05-02,Timothy Sandefur
"Craig and Sarah Biddle on Parenting, at TOS-Con 2019",2019-05-02,Jon Hersey
Buster Keaton’s Silence Was Golden,2019-04-26,Timothy Sandefur
"“Little Candle,” Bright Light: The Story of VanDamme Academy",2019-04-18,Craig Biddle
Poets of Spring and Appraisals of Man,2019-04-12,Timothy Sandefur
"Craig Biddle Speaks on ""The Morality of Self-Interest and Why You Need It"" at David Game College, London",2019-04-09,Tim White
"‘Look for Beauty, Not Ugliness’: Daniel Chester French and American Sculpture",2019-03-28,Timothy Sandefur
Miles Davis’s Kind of Blue at Sixty,2019-03-19,Timothy Sandefur
TOS-Con Speaker Spotlight: Isaac Morehouse on Creating Your Career,2019-03-15,Jon Hersey
Jason Hill Vindicates the American Dream against Ta-Nehisi Coates’s Delusional Race Rhetoric,2019-03-14,Timothy Sandefur
Prince Henry Launched the Age of Discovery,2019-03-14,Robert Begley
Why These Speakers at TOS-Con? (Part 4),2019-03-13,Craig Biddle
TOS-Con Speaker Spotlight: Tim Chermak on the Optimism of Advertising,2019-03-12,Jon Hersey
Why These Speakers at TOS-Con? (Part 3),2019-03-09,Craig Biddle
TOS-Con Speaker Spotlight: David Crawford on the Value of Dance,2019-03-07,Jon Hersey
Max Hastings and the Tragedy of War,2019-03-06,Timothy Sandefur
Why These Speakers at TOS-Con? (Part 2),2019-03-06,Craig Biddle
Why These Speakers at TOS-Con? (Part 1),2019-03-04,Craig Biddle
Why I Created TOS-Con: Philosophy for Freedom and Flourishing,2019-03-04,Craig Biddle
5 Reasons to Register for TOS-Con Today,2019-02-27,Craig Biddle
Timbs: A Victory for Due Process and Individual Rights,2019-02-21,Timothy Sandefur
Why Praise the Rose Parade,2019-01-03,Timothy Sandefur
A Life-Enhancing Lesson from Dickens’s Christmas Carol,2018-12-24,Jon Hersey
A Dozen Christmas Gift Suggestions for Fans of Ayn Rand,2018-12-05,Timothy Sandefur
"Remember, Remember, the Ninth of November",2018-11-08,Jon Hersey
Europe Wades Further into Sharia Law,2018-10-31,Craig Biddle
The Tree of Life Massacre: Murder of the Good for Being Good,2018-10-29,Craig Biddle
How to Challenge Racism in College Admissions,2018-10-25,Jon Hersey
What Justice Demands: America and the Israeli-Palestinian Conflict by Elan Journo,2018-10-18,Julian Hook
You can now watch and share TOS-Con 2018 videos on YouTube!,2018-09-20,Craig Biddle
Dr. Josh Umbehr on the Rapid Growth of Direct Primary Care,2018-09-15,Tim White
The Human Flourishing Project Podcast: Incredible Value for ‘Students of Life’,2018-08-24,Jon Hersey
TOS and ARI Have Resumed Cooperation,2018-08-24,Craig Biddle
Will you help TOS fight for your values?,2018-08-14,Craig Biddle
Implications of and Objections to Life as the Standard,2018-08-02,Craig Biddle
Einstein’s Pivotal Letter to FDR,2018-08-01,Jon Hersey
When I met Alex Epstein . . . and why you should attend TOS-Con,2018-07-30,Craig Biddle
Facts and Values: What’s the Connection?,2018-07-26,Craig Biddle
"“Facts, Values, and Flourishing”: A New Video Series",2018-07-17,Craig Biddle
How to apply principles of rational egoism to make your life the best it can be,2018-06-28,Craig Biddle
"Nikki Haley: Confronting Murderous Regimes and Their Accomplice, the UN",2018-06-23,Jon Hersey
Tommy Robinson’s Right to Free Speech Morally Trumps All Laws That Violate It. (Even That One.) — UK Version,2018-06-19,Craig Biddle
Donald Trump and Kim Jong-un: Enemies of Human Life,2018-06-16,Craig Biddle
The Horrific Injustice against Tommy Robinson and Free Speech,2018-05-30,Peter Seferian
"Happy Birthday, Sir Arthur Conan Doyle!",2018-05-22,Jon Hersey
Resources for Advancing Objectivism,2018-05-18,Craig Biddle
"Happy Birthday, Israel! (And Kudos to the Trump Administration)",2018-05-14,Craig Biddle
Little Pink House: Dramatizing the Horror of Eminent Domain,2018-05-02,Nicholas Provenzo
James Shaw Jr.’s Heroism and Objective Morality,2018-04-26,Craig Biddle
Want a Fun Way to Keep Up with Trump’s Ridiculous Tweets?,2018-04-26,Jon Hersey
Toastmasters: A Means to Actualize Your Potential and Improve the Culture,2018-04-05,Robert Begley
Dave Rubin and the Argument from Depravity,2018-03-22,Jonathan Townley
"Patrick Henry’s ‘Give Me Liberty, or Give Me Death!’ Speech",2018-03-22,Robert Begley
Google’s Triumph of Relevance over Stickiness,2018-03-20,Jon Hersey
Robert Reich’s Unoriginal Smear against Ayn Rand—and Its Silver Lining,2018-03-16,Nicholas Provenzo
"'Blink, Think, Choice, Voice': A Way for Children to Protect Themselves",2018-03-13,Craig Biddle
"The New York Post Disgraces Itself, Lauds William F. Buckley",2018-03-11,Harry Binswanger
Henry Ford on the Justice of Income Inequality,2018-03-06,Jon Hersey
"William F. Buckley: Cowardly, Dishonest, Unjust, Racist, and Loved by Conservatives",2018-02-27,Craig Biddle
"Happy Birthday, George Washington!",2018-02-22,Jon Hersey
Say’s Law and Networking,2018-02-20,Craig Biddle
Ben Shapiro and the Garbage Smear,2018-02-12,Craig Biddle
Alex Epstein on the Power of Opinion Stories,2018-01-28,Jon Hersey
Craig Biddle Live: Meaning and Morality in a Godless Universe,2018-01-10,Craig Biddle
The U.S. Government Must Support the Iranian Protesters,2018-01-04,Craig Biddle
Jon Wos: Lighting the Darkness,2017-12-31,Nicholas Provenzo
Carrie-Ann Biondi on Ayn Rand’s Enduring Appeal,2017-12-12,Jon Hersey
"From the Editor, Winter 2017–2018",2017-11-25,Craig Biddle
Several TOS Articles Now Available in Portuguese,2017-10-17,Ezra Drake
Nobel Prize Awarded to Kazuo Ishiguro—Kindred Spirit of Balph Eubank (from Ayn Rand’s Atlas Shrugged),2017-10-10,Jon Hersey
"Lt. Gen. Silveria’s Stand Against Racism, and His Unfortunate Paean to “Diversity”",2017-10-03,Jon Hersey
The Rubin Report Addresses Free Speech via Panel at Harvard,2017-09-20,Craig Biddle
Questions about Jihad on Children,2017-05-28,Craig Biddle
"Nuggets of Note - May 3, 2017",2017-05-03,Craig Biddle
Ron Chernow Gets “America at Her Best Is Hamiltonian”,2017-04-13,Craig Biddle
Richard M. Salsman’s The Political Economy of Public Debt Is Now Available,2017-04-05,Craig Biddle
Ayn Rand Included on A-Level Curriculum in UK,2017-03-28,Craig Biddle
Bill Nye’s Golden Opportunity to Crush the Fossil Fuel Industry,2017-03-13,Craig Biddle
A Graphic Novel based on Ayn Rand’s Atlas Shrugged,2017-03-09,Craig Biddle
9/11 and America’s Failure to End the Jihad,2016-09-11,Craig Biddle
Weighing Gary Johnson for President,2016-08-29,Craig Biddle
Individual Rights and Principles of Egoism,2016-08-06,Craig Biddle
Richard M. Salsman on Caricatures of Self-Interest,2016-07-16,Craig Biddle
Dave Rubin and the Return of Classical Liberalism,2016-06-10,Craig Biddle
"Hillary, Johnson, and Trump, Oh My!",2016-06-09,Craig Biddle
A Report on “Capitalism: Unlocking Human Potential”,2016-06-02,Craig Biddle
Alex Epstein on How Fossil Fuels Make the Environment Cleaner and Safer,2016-04-21,Craig Biddle
Alex Epstein Gives U.S. Senate a Humanist Perspective on Fossil Fuels and Climate,2016-04-12,Craig Biddle
Alex Epstein’s Principled Mind in Motion,2016-04-05,Craig Biddle
Help TOS Fight For Your Values,2015-12-30,Craig Biddle
For the Love of Christmas,2015-12-20,Craig Biddle
Daniel Kaufman: Life Taken by Jihad,2015-12-15,Craig Biddle
"Fox News, Dhimmi-America, and Your America",2015-05-31,Craig Biddle
"The Obama Doctrine: Aid America’s Enemies, Throttle Her Friends",2015-04-08,Craig Biddle
"Thomas Sowell: ""Comparing Obama to Chamberlain is Unfair—to Chamberlain""",2015-04-07,Craig Biddle
A Penny for Your Thoughts: “Liberty Parent of Science & Industry”,2015-03-30,Craig Biddle
Charlie Hebdo’s Moral Endurance,2015-01-13,Craig Biddle
Spiritual Complicity in Islamic Atrocities,2015-01-11,Craig Biddle
In Support of Charlie Hebdo and Freedom of Speech,2015-01-08,Craig Biddle
A Screenplay Jihadists will Hate and Civilized People will Love,2014-12-30,Daniel Wahl
Bergdorf Goodman’s Christmas Windows Celebrate Art and Capitalism,2014-12-17,Joseph Kellard
Alex Epstein’s The Moral Case for Fossil Fuels: A High-Test Success,2014-12-14,Ari Armstrong
"From the Editor, Winter 2014–15",2014-11-19,Craig Biddle
Got Food? Thank the Fossil Fuel Industry,2014-11-19,David Biederman
The Keystone XL and Senators Who May Need to Go,2014-11-17,David Biederman
Alex Epstein’s The Moral Case for Fossil Fuels,2014-11-13,Ari Armstrong
"Thank You, Veterans",2014-11-11,Craig Biddle
Election 2014: Victories and Defeats for Individual Rights,2014-11-05,Ari Armstrong
Obama and Dems Dishonestly Claim Credit for Increased Oil Production,2014-11-04,David Biederman
FBI Director Asks Congress to Pry Open New Spy-Resistant Smartphones,2014-10-30,Ezra Drake
In Memory of Bruce Rickard,2014-10-29,Robert Begley
"Lower Gasoline Prices? Thank you, Oil Industry!",2014-10-27,David Biederman
Anniversary of the Iran-Sponsored Murder of 241 Americans in Lebanon,2014-10-24,Craig Biddle
Krugman to Amazon: All Your Books Are Belong to Us,2014-10-23,Ari Armstrong
"After Snowden’s Leaks, Apple Locked iPhone’s Back Door and Threw Away the Key",2014-10-22,Ezra Drake
"Citizens United’s Colorado Documentary Is Protected Speech, Tenth Circuit Rules",2014-10-15,Ari Armstrong
"Sam Harris States the Obvious about Islam, Enrages Ben Affleck",2014-10-13,Ari Armstrong
State Department Endorses Handbook Calling Jihad “Noble”,2014-10-08,Craig Biddle
Richard Berenholtz on Photographing the Rise of 432 Park Avenue,2014-10-04,Joseph Kellard
FEE Debate: Is Liberty Best Defended with One Moral Foundation or Many?,2014-09-24,Craig Biddle
Concrete: The Foundation of Modern Life,2014-09-16,Ari Armstrong
Atlas Shrugged III: Who Is John Galt?—The Bad and the Good of It,2014-09-13,Ari Armstrong
"Sam Harris: Yes, Islamic Jihadists Are Motivated by Religion",2014-09-12,Ari Armstrong
Glenn Reynolds and the “Problem” of Income Inequality,2014-09-09,Ari Armstrong
"Police Morally Must Protect, Not Violate Rights",2014-09-08,Ari Armstrong
Endangered Species Act Sacrifices People to Frogs,2014-09-06,Ari Armstrong
Mexico’s Oil Monopoly Looks to U.S. for Crude Oil Resulting from Non-Monopoly,2014-09-05,David Biederman
Kids React to Apple II: “Look at How Humanity Has Used Their Intellect!”,2014-09-05,Ari Armstrong
Speech Isn’t Free when Government Requires Speakers to Register and Report,2014-09-04,Ari Armstrong
Burgess Laughlin: A Man who Made Progress,2014-08-30,Craig Biddle
Ice-Bucket Challenge Supports Embryonic Stem Cell Research—And That’s a Good Thing,2014-08-28,Ari Armstrong
"Contra Colorado Pastor, Sex Among Older Teens Can Be Moral and Healthy",2014-08-28,Ari Armstrong
Government to Patients: “We Feel Pain Is Best for You”,2014-08-27,Ari Armstrong
The Jihad against Robin Williams Speaks Volumes,2014-08-13,Ari Armstrong
“Gifts from Heaven”: A Vital Historic Lesson for America,2014-08-11,Craig Biddle
European Industry Stagnates as Americans Prosper with Fracking,2014-08-08,David Biederman
What Congress Should Do Rather than Sue,2014-08-01,Ari Armstrong
Paul Ryan’s “Anti-Poverty” Program and What America Needs in this Vein,2014-07-30,Ari Armstrong
An interview with Rachel Miner about Learning at Our House,2014-07-28,Robert Begley
"Lumni: Rights-Respecting, Profit-Driven Financing for College Students",2014-07-27,Michael A. LaFerrara
Amazon Admirably Mocks Unjust French Law,2014-07-25,Aaron Fried
"ObamaCare, Nonobjective Law, and Brothers’ Keepers",2014-07-24,Ari Armstrong
Now Multiple IRS Hard Drives Crashed—Coincidence?,2014-07-22,Craig Biddle
Why You and I and Everyone Should Support Israel Against the Barbarians,2014-07-21,Craig Biddle
"Contra Senator Udall, America Needs a “Not the Government’s Business Act”",2014-07-21,Ari Armstrong
Government Should Neither Finance Colleges Nor Dictate What They Teach,2014-07-19,Ari Armstrong
"Interview with Keith Schacht, Co-Founder of Mystery Science",2014-07-17,Daniel Wahl
Ted Cruz Champions Right to Free Speech,2014-07-16,Ari Armstrong
Kudos to Israel for Taking Steps to Defend Its Citizens Against Hamas,2014-07-15,Ari Armstrong
The Real Costs of the Government’s “Net Zero Energy” House,2014-07-14,Ari Armstrong
The Left’s Pragmatic Shift in Marketing is a Good Sign,2014-07-09,Michael A. LaFerrara
"No, Virginia, There Is No Moral Right to Throttle Uber",2014-07-07,Anoop Verma
Teen Drives Research of Her Own Disease,2014-07-06,Varun Parameswaran
What to Celebrate on Independence Day,2014-07-04,Craig Biddle
"Ban the FDA, Not Wood-Aged Cheese",2014-06-30,Ari Armstrong
Lifelike Androids are Improving People’s Lives Today,2014-06-29,Anoop Verma
"Coal Fuels China’s Economic Growth, Enables Americans’ Enjoyment Thereof",2014-06-28,David Biederman
New “Neurobridge” Technology Enables Quadriplegic to Move Hand,2014-06-27,Aaron Fried
"Restrain Bureaucratic Thugs, Not Agricultural Drones",2014-06-25,Ari Armstrong
Iran Unsurprisingly “Celebrates” World Cup by Arresting Celebrants,2014-06-23,Ari Armstrong
“Ministries of Truth”: An Ominous Possibility in America,2014-06-20,Ari Armstrong
Is ObamaRetire Next?,2014-06-19,Ari Armstrong
BP Drone Makes Oil Production Safer and More Profitable,2014-06-17,David Biederman
Nureyev Danced Free of Communism and Lived,2014-06-16,Robert Begley
"Homosexuality, the Bible, and Rational Morality",2014-06-14,Ari Armstrong
Environmentalists Succeed in Sabotaging Prosperity,2014-06-11,David Biederman
"Life Imitates Atlas Shrugged in Austin, Texas",2014-06-10,Ari Armstrong
"Ohio Anti-Fracking Group Attacks Individual Rights, Promises to Continue",2014-06-09,David Biederman
"Gabe Sonnier: Janitor, Principal, Inspiration",2014-06-07,Derrick Nantz
Racists Fighting “White Privilege”,2014-06-07,Ari Armstrong
UK’s Regressive Energy Policies,2014-06-05,David Biederman
Microsoft’s Universal Translator: Fruit of Massive Profits,2014-06-04,Ari Armstrong
American Spirit Alive and Well in North Dakota,2014-06-03,David Biederman
Sunstein Sees “Opportunity” in China’s Indoctrination Efforts,2014-06-01,Ari Armstrong
Russia’s Useful Environmentalists,2014-05-31,David Biederman
“Citizens for Tax Justice” vs. Rational Patriotism,2014-05-30,Michael A. LaFerrara
Walter Mitty Learns to Love His Life,2014-05-30,Ari Armstrong
"A Report on the “Liberty, Free Markets, and Moral Character” Conference",2014-05-28,Craig Biddle
"At World Cup Opening Ceremony, a Paraplegic Will Walk—Thanks to Miguel Nicolelis and Co",2014-05-27,Derrick Nantz
"On Memorial Day, Let’s Lift Our Heads and Speak",2014-05-26,Craig Biddle
It Really Is About Time,2014-05-25,Ari Armstrong
Monuments Men Saved Master Artworks from Grip of Nazis,2014-05-23,Ari Armstrong
Government Victimizes and Favors Tesla by Violating Rights of All,2014-05-20,Michael A. LaFerrara
"Murder for Allah—Again (and Again, and . . . )",2014-05-20,Ari Armstrong
In Praise of Those Commercializing the Moon,2014-05-19,Ari Armstrong
How to Attack Common Core—and How Not to,2014-05-16,Ari Armstrong
"WHO Wants Global Restrictions on Alcohol; Unsurprisingly, Offers No Justification",2014-05-16,Ari Armstrong
Common Core’s Nonsensical Math Problems Undermine Students’ Confidence,2014-05-16,Ari Armstrong
12 Years a Slave and Those Who Should Endure It,2014-05-15,Ari Armstrong
"Environmentalists: Peak Oil and No Peak Oil, Equally Bad",2014-05-14,Ari Armstrong
The Jihadist War Behind the Kidnapping of Nigerian Schoolgirls—and the Westerners Behind It,2014-05-13,Ari Armstrong
"Faith-Based Saudi Censorship, A Lesson for America",2014-05-11,Ari Armstrong
Courageous Iranian Women Unveil,2014-05-11,Ari Armstrong
Bezos and Jobs Revolutionized Industries they Loved,2014-05-10,Joseph Kellard
Frank Lloyd Wright Masterpiece Opens to Public for the First Time,2014-05-10,Earl Parson
Jeopardy! Battle of the Decades,2014-05-09,Jason Letman
George Will Eviscerates Common Core—But Doesn’t See Full Implications of His Remarks,2014-05-07,Ari Armstrong
European Fracking Bans Fuel Russia’s Ambition for Conquest,2014-05-06,David Biederman
Fracking Fuels Advances in Domestic Plastic Production,2014-05-04,David Biederman
Frackers in Bakken Shale of North Dakota and Montana Produce 1 Billion Barrels of Oil,2014-05-02,David Biederman
Dr. Craviotto: “Damn the Mandates and Requirements from Bureaucrats”,2014-05-02,Ari Armstrong
"What’s in Your Food, Your Medicines, Your Body? SCiO’s Got an App for That",2014-05-01,Ari Armstrong
David Cameron Wants to Encourage Natural Gas Production; U.S. Shows the Way,2014-04-29,David Biederman
"SpaceX Achieves Soft Booster Landing, Opens Door to Radically Cheaper Rocketry",2014-04-29,Ari Armstrong
Coloradans Should Eighty-Six Initiative 82,2014-04-28,David Biederman
Ted Cruz Calls for Unshackling Energy Producers,2014-04-26,David Biederman
Mandatory Paid Sick Time: Economically Destructive because Morally Wrong,2014-04-25,Michael A. LaFerrara
Heavy Metal-Classical Fusion for the Soul,2014-04-25,Jason Letman
Olympic Skater Katarina Witt: “The Most Beautiful Face” of a Grotesque System,2014-02-12,Joseph Kellard
Milton Wolf’s PatientCare: A Sensible Alternative to ObamaCare,2014-02-06,Michael A. LaFerrara
Who is Ayn Rand?,2014-02-05,Craig Biddle
What is Objectivism?,2014-02-05,Craig Biddle
Super Bowl Celebrates America,2014-02-03,Ari Armstrong
Keep the Taxman Off the NFL,2014-02-02,Ari Armstrong
Obama’s SOTU Address Calls for “Equality” at the Expense of Rights,2014-01-29,Ari Armstrong
Fracking Fuels Post-2008 U.S. Industrial Recovery; Regulation Strangles EU Competitors,2014-01-28,David Biederman
Celebrating Mozart’s Music on His Birthday,2014-01-27,Robert Begley
Portable Ultrasound: “The Stethoscope of the 21st Century”,2014-01-26,Christopher Michael Speciale
Conservatives Concede Moral Premises of Welfare State,2014-01-25,Stephen Bourque
Duck Quacks Don’t Echo: A Fun New Show About Scientific Facts,2014-01-22,Craig Biddle
“Dr. King Ended the Terror of Living in the South”,2014-01-20,Ari Armstrong
Benghazi Atrocity Illustrates America’s Continued Unwillingness to End Islamic Threat,2014-01-18,Ari Armstrong
Homeschoolers in Ohio and New Jersey Defeat Rights-Violating Laws,2014-01-14,Michael A. LaFerrara
John Cisna’s All-McDonald’s Diet Illustrates Importance of Choice,2014-01-13,David H. Mirman
Celebrating Alexander Hamilton’s Achievements on His Birthday,2014-01-11,Robert Begley
Why Dick Durbin and the GOP should Pick Up Ayn Rand’s Books,2014-01-09,Ari Armstrong
Government Unemployment “Insurance” Isn’t Insurance; It’s Force,2014-01-08,Ari Armstrong
"With Assault on Horse-Drawn Carriages, Mayor de Blasio Follows Rights-Violating Bloomberg",2014-01-06,Stephen Bourque
U.S. Fracking Attracts Massive Foreign Investments,2014-01-05,David Biederman
ObamaCare Contraception Mandate Violates Rights of Non-Religious Too,2014-01-03,Ari Armstrong
Peter Thiel’s Fellowship Cultivates the Entrepreneurial Spirit,2013-12-31,Robert Begley
Fracking Massively Fuels Growth in U.S. Chemical and Manufacturing Industries,2013-12-29,David Biederman
A Pretend “War Against Christianity”,2013-12-28,Natalie Ogle
"Gene Therapy Scientists Play God, Attack Cancer, Win",2013-12-27,Michael A. LaFerrara
$38 Tablet Shows Beauty of Capitalism,2013-12-26,Ari Armstrong
"Government Isn’t Santa, Naughty Isn’t Nice",2013-12-23,Ari Armstrong
"Biotech Revolution Could Save Your Life, but Needs Freedom to Do So",2013-12-22,Michael A. LaFerrara
Teen Inventor Kelvin Doe Exemplifies Active Mind,2013-12-20,Derrick Nantz
Duck Dynasty Star Invoked the Bible—That’s the Problem,2013-12-19,Ari Armstrong
Why Does Salon Lie about Ayn Rand’s Ideas?,2013-12-18,Ari Armstrong
Celebrating the Historic Roots of Today’s Tea Party Movement,2013-12-16,Robert Begley
A New Era of Skyscrapers in New York City,2013-12-15,Joseph Kellard
"South Africa Needs Another Revolution, This Time for Individual Rights",2013-12-14,Ari Armstrong
The Rich Pay 106 Percent of Income Taxes—and Should Pay None,2013-12-13,Ari Armstrong
Frackers Double Texas Oil Production,2013-12-10,David Biederman
Help TOS Defend Your Values,2013-12-08,Craig Biddle
"Contra ObamaCare Supporter, a Civilized Society Bans Coercion",2013-12-05,Ari Armstrong
"Thank You, Frackers, For Keeping Me from Freezing",2013-12-05,Ari Armstrong
Frackers Heroically Draw Enormous Wealth from the Ground,2013-12-04,David Biederman
Voters Have No Right to Violate Right to Frack,2013-12-02,Ari Armstrong
The Right to Trade on a Holiday,2013-12-01,Chak Kakani
Charter School Charity Snafu Illustrates Pitfalls of Government Funding,2013-12-01,Ari Armstrong
Recycling Worthless Garbage Is Immoral,2013-11-26,Ari Armstrong
Biblically Motivated Child Abuse,2013-11-25,Natalie Ogle
Evacuation Day: The Denouement of the American Victory for Independence,2013-11-24,Robert Begley
"Contra Critics, New Hunger Games Film Promotes Positive Values",2013-11-23,Ari Armstrong
"Thomas Sowell, Richie Parker, and the Left’s War Against Achievement",2013-11-22,Robert Begley
The Nation Advertises Ayn Rand’s Atlas Shrugged,2013-11-21,Ari Armstrong
Amy Morin and Cheryl Conner: Mentally Strong People Offering Excellent Practical Advice,2013-11-20,Craig Biddle
Former Buckyballs CEO Zucker Files Suit against Abusive Agency,2013-11-20,Ari Armstrong
What’s Your Best Line Exposing the Evil of ObamaCare?,2013-11-18,Ari Armstrong
Obama’s Answer to How Health Insurers Will Adjust to His Whim: Somehow,2013-11-15,Ari Armstrong
ObamaCare Ads Tout Keg Mishaps and Promiscuous Sex; Ignore Rights Violations,2013-11-14,Ari Armstrong
"Farm Subsidies Are Wrong, Regardless of Recipients’ Wealth",2013-11-13,Ari Armstrong
To the Heroes Who Defend Civilized Society,2013-11-11,Craig Biddle
New Jersey Voters Elect to Violate Rights and Harm the Poor,2013-11-11,Michael A. LaFerrara
Venezuela’s Maduro Apes Villains of Atlas Shrugged in “Organized Looting”,2013-11-10,Ari Armstrong
"Prior to Concierge Medicine, My Access to Health Care Was Inferior to that of My Cat",2013-11-09,Ari Armstrong
The Left’s ObamaCare Circus,2013-11-06,Ari Armstrong
Shark Tank Celebrates Individualism and Capitalism,2013-11-05,Joseph Kellard
America Descends into Mutual Plunder (but Doesn’t Have To),2013-11-05,Ari Armstrong
A Peek at the Forthcoming Issue of TOS,2013-11-03,Craig Biddle
Coloradans Should Kill Fracking Ban for Right Reason,2013-11-01,David Biederman
Monsters University and the Virtue of Perseverance,2013-10-30,Ari Armstrong
Obama’s Audacity of Deceit,2013-10-29,Ari Armstrong
$17 Trillion Debt a Consequence of Rights Violations,2013-10-28,Ari Armstrong
Sheldon Adelson Admirably Calls for America to Drop a Nuclear Bomb on Iran,2013-10-27,Craig Biddle
Canadian Anti-Fracking Activists “Peacefully” Hurl Firebombs at Police,2013-10-27,David Biederman
Saudis Fight for Women’s Right to Drive,2013-10-26,Natalie Ogle
"Obama, Goose, and Gander",2013-10-25,Michael A. LaFerrara
ObamaCare Surprises and Brother’s Keepers,2013-10-24,Ari Armstrong
ObamaCare “Exchanges” Are Not Markets,2013-10-23,Ari Armstrong
Surprise! Construction Slows as Government Violates Rights,2013-10-22,Ari Armstrong
"Lithuanian Government “Muzzles” Chevron, Opts for Teeth of Russia",2013-10-22,David Biederman
Can You Tell the Difference Between Modern “Art” and Toddler Art?,2013-10-21,Ari Armstrong
Pat Robertson and His Creed: Devourers in Need of Rebuke,2013-10-20,Natalie Ogle
Designers Craft Innovative Gown Using 3D Printing,2013-10-18,Earl Parson
ObamaCare: “What the Hell Kind of Reform Is This?”,2013-10-18,Ari Armstrong
Government Shut Down and All I Got Was this Blog Post,2013-10-17,Ari Armstrong
British Scientists Achieve Breakthrough in Alzheimer’s Research,2013-10-16,Ari Armstrong
Egalitarian Call to Abolish Private Schools is Morally Obscene and Economically Absurd,2013-10-15,Michael A. LaFerrara
Food Stampede Illustrates Depravity of “Welfare”,2013-10-14,Ari Armstrong
“You Can Become Whomever You Want to Be”,2013-10-13,Ari Armstrong
Craig Zucker Has the Balls to Fight Government Abuse,2013-10-12,Ari Armstrong
Get Government Out of Beer,2013-10-11,Ari Armstrong
"In Attacking Malala Yousafzai, Taliban Assault the Mind",2013-10-10,Ari Armstrong
"American Frackers May Soon Power Japan, Too",2013-10-09,David Biederman
ObamaCare Supporter: “I Didn’t Realize I Would Pay for It Personally”,2013-10-08,Ari Armstrong
Feds Intentionally Inflict Pain in Park Shutdowns; Solution is to Privatize Parks,2013-10-07,Ari Armstrong
Kenneth Buck Admirably Protects Rights Despite Colorado Law,2013-10-06,Ari Armstrong
Institute for Justice Wins Battles for Free Speech,2013-10-04,Ari Armstrong
Planned Parenthood and Others Admirably Fight Texas Anti-Abortion Bill,2013-10-04,Ross England
"U.S. Government Assaults a Supermarket, Institute for Justice Defends It",2013-10-03,Kevin Douglas
Interview with Jeff Britting on Ayn Rand’s Anthem Off-Broadway,2013-10-02,Robert Begley
Toward a Shutdown to Celebrate,2013-10-01,Ari Armstrong
"Under ObamaCare, “The Doctor Can’t See You Now”",2013-09-30,Ari Armstrong
"To Find “False Religion,” E. W. Jackson Should Look in the Mirror",2013-09-29,Ari Armstrong
Tiny Tile Promises to Find Your Lost Keys or Lost Child for You,2013-09-28,Ari Armstrong
The Devil Is in the Mysticism,2013-09-27,Ari Armstrong
Some Entrepreneurial Immigrants Succeed Despite Rights-Violating Laws,2013-09-26,Kevin Douglas
Ted Cruz and Atlas Shrugged Against ObamaCare,2013-09-25,Ari Armstrong
"Republicans Make Trivial Cuts to Food Stamp Program, Refuse to Identify Its Immorality",2013-09-22,Michael A. LaFerrara
IRS Targeted Groups over “Anti-Obama Rhetoric”—As Enabled by Bad Laws,2013-09-20,Ari Armstrong
"In Response to Navy Yard Massacre, Government Should Focus Exclusively on Protecting Rights",2013-09-19,Ari Armstrong
New Yorkers Deemed Criminals for (Gasp!) Serving Dinner for a Fee,2013-09-17,Ari Armstrong
Rolling Stone Smears Defenders of Fossil Fuels,2013-09-16,Ari Armstrong
Allan Gotthelf: “Ambassador for Ayn Rand’s Philosophy of Objectivism”,2013-09-15,Robert Begley
Helium-Lifted Craft and Other Advances Promise Better Living and Spiritual Fuel,2013-09-15,Ari Armstrong
"Jonathan Hoenig and Wayne Rogers: Regarding Syria, Americans Should Be Selfish",2013-09-14,Ari Armstrong
"The Keystone XL Pipeline, Anti-Technology Zealots, and Why Oil (and Everything) Costs More Than it Should",2013-09-13,David Biederman
War on Syria is Not the Means to Credibility and Security; War on Iran Is,2013-09-10,Ari Armstrong
Obama Administration’s Foreign Policy: Intentionally Ineffective,2013-09-09,Ari Armstrong
Government Extorts Money from Ebook Publishers; You Can Refuse to Participate,2013-09-08,Ari Armstrong
"Koni Dole: Loses a Leg, Shines in Football Anyway",2013-09-05,Michael A. LaFerrara
America’s Cup Showcases Mental and Physical Excellence,2013-08-31,Jason Letman
"Antitrust Assault on Halliburton, Baker Hughes, and Schlumberger is Obscene",2013-08-30,David Biederman
“I Have a Dream”: Martin Luther King Urges Consistency to Founding Principles,2013-08-28,Michael A. LaFerrara
Assad’s “Moral Obscenity” Does Not Justify Obscenity of Sacrificial Military Intervention,2013-08-27,Ari Armstrong
T. J. Rodgers Defends Wealth Creators Against Purveyors of Envy,2013-08-25,Robert Begley
"Peter Dinklage: “I Hate that Word, ‘Lucky’”",2013-08-24,Ari Armstrong
Britain’s Admirable Efforts toward Clear Language in Politics,2013-08-23,Slade Mendenhall
Frackers Generate Greatest Annual Increase in U.S. Oil Reserves Ever,2013-08-22,David Biederman
"Dr. Josh Umbehr Explains How to Get Quality, Economical Health Care and Undermine ObamaCare",2013-08-20,Ari Armstrong
Introduction to the Fall 2013 issue of The Objective Standard,2013-08-18,Craig Biddle
NSA Domestic Spy Program Clearly Violates Citizens’ Rights,2013-08-16,Ari Armstrong
Harry Reid Confesses Truth About ObamaCare,2013-08-15,Ari Armstrong
The Solution to “Adverse-Selection” in Health Insurance is Selfish-Selection,2013-08-13,Stephen Bourque
BYU Engineers Develop Promising Spinal Disc Replacement,2013-08-11,Derrick Nantz
Praise Stem-Cell Burgers for Benefit to People Not “Environment”,2013-08-10,Slade Mendenhall
Europa Report Offers Fine Cinematic Sci-Fi but Vile Moral Premises,2013-08-09,Ari Armstrong
Newark Seeks to Use Eminent Domain to Extort Principal Reductions from Lenders,2013-08-08,Michael A. LaFerrara
Judge Preposterously Seeks to Forbid Uber Car Service from Using iPhones,2013-08-07,Ari Armstrong
Sony’s Video Headsets Radically Improve Surgeons’ Ability to See Inside Patients,2013-08-06,Derrick Nantz
Profit-driven Engineers Create Robots that Save Lives,2013-08-05,Adam Jensen
Kudos to Scientists Improving Animal Organs for Use in Humans,2013-08-04,Derrick Nantz
Alex Epstein Exposes Josh Fox’s Gasland II as Anti-All Technology,2013-08-02,Ari Armstrong
Obama’s “Big” Statist Vision for America,2013-08-01,Michael A. LaFerrara
General McChrystal’s Un-American Call for Universal National Service,2013-07-31,Michael A. LaFerrara
America Doesn’t Need a “Nudge Squad”; It Needs a Rights Squad,2013-07-31,Ari Armstrong
Government Should Not Subsidize Junk Food or Health Food but End All Subsidies,2013-07-29,Michael A. LaFerrara
"Ralph Peters: “Mesmerized by Elections, We Forgot Freedom”",2013-07-28,Michael A. LaFerrara
London Mayor Warns of Energy Scarcity; an American Revolution Offers a Solution,2013-07-28,David Biederman
Public School Teacher Admirably Denounces Government-Run Education,2013-07-27,Derrick Nantz
"Coal Keeps The Lights On—Thank You, Jimmy Rose",2013-07-26,David Biederman
Rolling Stone Should Sink Like a Rock for its Sympathy for Islamic Terrorist,2013-07-25,Robert Begley
Why the Obama Administration is Persecuting George Zimmerman,2013-07-24,Ari Armstrong
Freedom and Fracking Lead To Record Increase in U.S. Oil Production,2013-07-23,David Biederman
Senator Menendez Dishonestly Equates Private Food Bank with SNAP,2013-07-22,Michael A. LaFerrara
"France Forbids Shale Gas Exploration, Will “Prosper” Accordingly",2013-07-21,David Biederman
Neil Armstrong Demonstrated Man at His Best,2013-07-20,Robert Begley
Fine for Scorning Italy Illustrates that Scorn is Warranted,2013-07-19,Bruno Turner Oggioni
Jonathan Hoenig and The Objective Standard—Lawbreakers No More,2013-07-17,Ari Armstrong
Pat Robertson: “The Bible Didn’t Talk About Civil Rights”,2013-07-15,Natalie Ogle
U.S. Employment Suffers from Washington’s War on Rights,2013-07-14,Zachary Huffman
Eagle Ford Shale Oilmen Increase Productivity by 54 Percent,2013-07-13,David Biederman
Scientists at Riken BioResource Center Make Major Leap in Life-Serving Cloning Technology,2013-07-12,Derrick Nantz
Freedom Of Religion Demands Freedom From Religion,2013-07-11,Michael A. LaFerrara
Twelve-Year-Old Egyptian Condemns Muslim Brotherhood; Video Goes Viral,2013-07-10,Bruno Turner Oggioni
Toast the Re-Legalization of Homebrewing,2013-07-06,Ari Armstrong
Celebrating Dolly’s Birthday: Advancements in Cloning Technology,2013-07-05,Mikayla Callen
Don’t Delay ObamaCare—End It,2013-07-03,Ari Armstrong
ObamaCare Propaganda in L.A. School District Shows Corruption of Public Education,2013-07-01,Derrick Nantz
Fracking Could Unlock 40 Years of Gas in the UK,2013-06-30,David Biederman
"With DOMA Decision, Supreme Court Correctly Recognizes Legal Equality of Gay Couples",2013-06-26,Ari Armstrong
The Boston Tea Party Opera: An Ode to the Spirit of American Independence,2013-06-25,Robert Begley
We Already Have a “Media Shield”: The First Amendment,2013-06-22,Ari Armstrong
Scientists Advance Toward Genetically Perfect Replacements for Diseased Cells,2013-06-16,Michael A. LaFerrara
Shale Gas Is Plentiful; Freedom to Produce It Is Not,2013-06-14,David Biederman
Cambridge Scientists Dramatically Advance Battle Against Infectious Disease,2013-06-11,Ari Armstrong
Fox News Defends Free Speech with Moral Clarity,2013-06-10,Robert Begley
Quent Cordair Offers a Philosophical Detection Story in “The Match”,2013-06-09,Ari Armstrong
Our Spectacularly Improving World,2013-06-08,Ari Armstrong
“A Born Free American Woman” Tells Government “You’ve Forgotten Your Place”,2013-06-06,Ari Armstrong
Will TN U.S. Attorney William Killian Clarify that Individuals Have a Right to Criticize Islam?,2013-06-03,Ari Armstrong
"Dr. Jane Wright Has Died, But Her Work Will Forever Save Lives",2013-06-03,Roberto Sarrionandia
Investment in Fracking Results in Dramatic Production Growth Across Seven States,2013-05-31,David Biederman
De-Extinction Holds Great Promise,2013-05-30,Mikayla Callen
Designers Use 3D Printing for Beautiful Prosthetics and Space Food,2013-05-29,Ari Armstrong
Recognition of Property Rights is the Key to Bakken Development,2013-05-29,David Biederman
"Zach Sobiech, Victim of Cancer, Lover of Life",2013-05-28,Ari Armstrong
Innovative Doctors Save Infant’s Life with 3D Printing,2013-05-26,Ari Armstrong
Committee for Justice Fights for Free Speech via Property Rights,2013-05-20,Ari Armstrong
New Prototype Shows Promise in Medical Diagnostic Imaging,2013-05-19,Daniel Burritt
IRS Violates Americans’ Rights Every Day,2013-05-15,Ari Armstrong
Gosnell Justly Convicted for Grisly Murders,2013-05-14,Ari Armstrong
"Benghazi Assault Was a Moral Atrocity, Not a “Sideshow”",2013-05-13,Ari Armstrong
Is Your State in an Economic Rut? North Dakota has the Solution,2013-05-10,David Biederman
Thank Industry for Protecting Us From Nature,2013-05-09,Roberto Sarrionandia
Judge Narragansett’s Solution to Congress’s Shady Trading,2013-05-07,Robert Begley
"Good News Abounds: Space Tourism, Medical Marvels, and More",2013-05-06,Ari Armstrong
Penny Nance’s Strange Bedfellows,2013-05-05,Ari Armstrong
Latest Lesson from the Sequester: It’s Time to Privatize Air Traffic Control,2013-05-04,Zachary Huffman
Estimated Oil in the Bakken Region Doubles,2013-05-04,David Biederman
Louis C.K. Schools David Itzkoff on the Cause of Success,2013-05-03,Daniel Wahl
The “Marketplace Fairness Act”: A Morally Unacceptable Gimmick,2013-05-02,Michael A. LaFerrara
Pope Absurdly Blames Unemployment on Profit,2013-05-02,Ari Armstrong
"Think You Have Health Insurance? Think Again, Explains Beth Haynes",2013-05-01,Ari Armstrong
"Portrait of Joshua Lipana, by Bryan Larsen",2013-04-30,Craig Biddle
“Attack Countermeasures” Video Shows How Not to Be a Victim,2013-04-28,Ari Armstrong
Jonathan Hoenig Calls for Return to Americanism,2013-04-27,Daniel Wahl
Denmark’s Economic Problem is Fundamentally a Moral Problem,2013-04-26,Daniel Burritt
FCC’s Leniency on Ortiz’s F-word Highlights Ominous Power,2013-04-25,Stephen Bourque
Hunt for Boston Marathon Terrorists Demonstrates Absurdity of Anarchy,2013-04-23,Jawaid Bazyar
Joshua Lipana Fought Until He Could Fight No More,2013-04-22,Craig Biddle
An Ingenious Invention to Treat Chronic Heartburn,2013-04-22,David H. Mirman
42: The Triumph of Courage and Moral Certitude over Irrationality and Bigotry,2013-04-20,Michael A. LaFerrara
Why Capitalism is Moral,2013-04-19,Craig Biddle
Initial Thoughts on the Boston Marathon Assault,2013-04-16,Stephen Bourque
"Swiss Scientists Create Wireless Implant to Monitor Blood Sugar, Heart Problems, and More in Real Time",2013-04-15,Derrick Nantz
3D Metal Printing Revolution Makes Possible the “Impossible”,2013-04-14,Ari Armstrong
"Happy Birthday, Thomas Jefferson—and Thank You for Your Moral Endurance",2013-04-13,Craig Biddle
"Robert Edwards, Creator of Life, Has Died",2013-04-11,Roberto Sarrionandia
States Pass Rights-Violating Abortion Restrictions,2013-04-11,Ari Armstrong
"Alex Epstein Visits Vassar: Some Students Learn, Others Disrupt",2013-04-10,Robert Begley
Margaret Thatcher: Warrior for Liberty,2013-04-09,Ari Armstrong
"Why ""Sacrifice"" Means Loss, Not Gain",2013-04-06,Craig Biddle
"Contra Linda Chavez, Supreme Court Should Recognize Gay Marriage as a Right",2013-04-05,Michael A. LaFerrara
Stockton Ain’t All that’s Bankrupt,2013-04-04,Ari Armstrong
Fracking in South Texas Generates $61 Billion Annually in Economic Activity,2013-04-02,David Biederman
Bionic Eye—Not a Miracle,2013-04-01,Ari Armstrong
"As Some Filipinos Try to Die, One Tries to Live",2013-03-30,Ari Armstrong
"Contra Michael Tanner, Government’s Size is Not the Proper Focus for Advocates of Liberty",2013-03-25,Ari Armstrong
Institute for Justice Continues Fight against Occupational Licensure,2013-03-24,Michael A. LaFerrara
Fracking and Frackers Continue Expanding Oil Production,2013-03-24,David Biederman
"With Budget Plan, Senate Would Increase Rights Violations, Economic Destruction",2013-03-23,Ari Armstrong
"With Abortion Ban Proposal, Rand Paul Assaults Rights and Aids Democrats",2013-03-22,Ari Armstrong
The Real Purpose of Central Banks,2013-03-22,Ari Armstrong
"Cyprus Rejects One Form of Theft, Leaves Others Intact",2013-03-20,Ari Armstrong
“Resolution Revolution” Makes Self-Improvement Inevitable,2013-03-17,Ross England
BP Right to Move Forward with Petroleum,2013-03-13,David Biederman
Judge Properly Tosses New York City Soda Ban,2013-03-11,Ari Armstrong
More Evidence of the Failure of Government Schools (and the Solution),2013-03-08,Ari Armstrong
"Education Activist Michelle Rhee is Courageous, but No “Radical”",2013-03-06,Michael A. LaFerrara
Subway Founder Fred Deluca Decries the Regulatory State,2013-03-05,Joshua Lipana
A 15-Year-Old Boy and Your Future,2013-03-02,Howard Roerig
"Before There Was Amazon, There Was the Sears Catalog",2013-02-28,Ari Armstrong
Scientists Generate Electricity from Coal Without Burning It,2013-02-27,Howard Roerig
Zero Dark Thirty Actors Bring Attention to Doctor Imprisoned for Helping Kill Bin Laden,2013-02-26,Ari Armstrong
Anne Hathaway’s Hard Work is No Sacrifice,2013-02-25,Ari Armstrong
The Light Brigade Shines for Capitalism,2013-02-24,Joshua Lipana
Government Regulations Hinder Quality Control and Harm Consumers,2013-02-24,Michael A. LaFerrara
Is Africa the Next Beneficiary of the Industrial Revolution?,2013-02-22,Ari Armstrong
"End “Too Big to Fail,” not “Too Big” Banks",2013-02-21,Michael A. LaFerrara
The Importance of Protocols for Living Well and Avoiding Problems,2013-02-20,Ari Armstrong
Cheers to Bipartisan Support for Repealing the Medical-Device Tax,2013-02-19,Joshua Lipana
Fetuses Don’t Have Rights; Pregnant Women Do; This Distinction is Crucial,2013-02-17,Ari Armstrong
The State of Obama,2013-02-13,Ari Armstrong
Antitrust Suit against Anheuser-Busch and Grupo Modelo Violates Rights,2013-02-11,Michael A. LaFerrara
PJ Media’s Walter Hudson Previews Bernstein-D’Souza Debate on Christianity,2013-02-08,Ari Armstrong
FIRE Scores Victory for Wrongly Expelled Valdosta State University Student,2013-02-07,Howard Roerig
The Burgeoning Micro-Production Revolution,2013-02-05,Ari Armstrong
To Curse Machines is to Curse the Mind,2013-02-04,Ari Armstrong
Institute for Justice Wins Victory for Tax Preparers,2013-02-02,Ross England
"Condemn Rights-Violating Policies, Not Garlic Smugglers",2013-01-29,Ari Armstrong
EBI Scientists Amazingly Develop DNA Data Storage,2013-01-26,Ross England
Iran’s Growing Influence in Latin America adds to the Already Definitive Reason to Destroy the Regime,2013-01-20,Joshua Lipana
Morsi Unconvincingly Claims His Anti-Semitic Remarks Were “Taken Out of Context”,2013-01-18,Ross England
The Best Teacher Evaluation “Plan” is a Free Market in Education,2013-01-17,Michael A. LaFerrara
E-book Revolution Continues to Improve Our Lives,2013-01-16,Ari Armstrong
Institute for Justice’s Paul Sherman Clarifies Campaign Finance Law vs. Freedom of Speech,2013-01-14,Ross England
The Trillion-Dollar Coin: Economic “Solutions” by Lucky Charm,2013-01-13,Ari Armstrong
FrackNation Defends Revolutionary Energy Technology,2013-01-13,Earl Parson
Pacific Legal Foundation Fights for Rights of Florida Property Owner,2013-01-12,Ari Armstrong
Glenn Reynolds: Home Schooling Will Increasingly Threaten Government Education,2013-01-11,Ross England
"Of Hurricanes, Pork, and Subsidies",2013-01-08,Ari Armstrong
Kudos to the 800 Companies Demanding a Repeal of the Medical-Device Tax,2013-01-06,Joshua Lipana
William Shatner’s Tweet and the Power of Art,2013-01-05,Ari Armstrong
"Nascar and Rum Makers Got Tax Cuts; You Should Have, Too",2013-01-04,Ari Armstrong
Time to Privatize the Weather Satellite Program,2013-01-03,Michael A. LaFerrara
"Senators, Representatives—and Americans Who Voted for Them—to Blame for Increased Spending and Tax Hikes",2013-01-02,Ari Armstrong
Peter Schiff: The Ability to Steal Doesn’t Make Theft Right,2012-12-30,Joshua Lipana
Paul Hsieh: “Speak out Against the Government Narrative” on ObamaCare,2012-12-30,Joshua Lipana
New Technology Promises Electrical Power from Friction,2012-12-29,Ari Armstrong
Instapundit Promotes Brad Thompson’s Article on Abolishing “Public” Education,2012-12-27,Craig Biddle
"Piers Morgan May Not Recognize Rights, but He Has Them",2012-12-26,Ari Armstrong
Relative Freedom Unleashes Global Advances,2012-12-21,Ari Armstrong
How Capitalism Saved the Bees,2012-12-20,Ari Armstrong
"The Flawed (Yet Revealing) Legatum Prosperity Index, and the Path to Prosperity",2012-12-19,Ari Armstrong
Depardieu Justly Condemns France’s Theft by Taxation,2012-12-18,Ari Armstrong
Heroic Researchers Markedly Improve Thought-Controlled Prosthetics for the Severely Paralyzed,2012-12-17,Ross England
It’s a Wonderful Satire (of Government Force),2012-12-16,Ari Armstrong
Time for the Ethics of Organ Donation to Catch Up with the Heroics of Dr. Joseph E. Murray,2012-12-12,Michael A. LaFerrara
Medical Device Tax: Immoral and Impractical,2012-12-10,Joshua Lipana
Duolingo: Making Money By Offering Free Language Lessons,2012-12-09,Ross England
The Moral Cliff,2012-12-07,Ari Armstrong
The Left’s Egalitarian Trap (and Why Republicans Must Not Step In),2012-12-05,Michael A. LaFerrara
Google Deserves Our Gratitude; FTC Deserves Our Condemnation,2012-12-04,Ari Armstrong
MedCottage: An “American Solution” for Eldercare,2012-12-03,Ross England
U.S. President: Let People Keep “Rewards of their Own Industry”,2012-12-02,Ari Armstrong
The NFL: An Analogy for Government’s Proper Role in the Marketplace?,2012-11-29,Michael A. LaFerrara
SpaceX Founder Musk Envisions Mars Colony: Potential Value is Immense,2012-11-28,Ari Armstrong
Stem Cell Research Offers New Hope for Repairing Brain Damage,2012-11-27,Ari Armstrong
Does Reason Support a Carbon Tax?,2012-11-25,Ari Armstrong
The Atlantic Praises Bloomberg’s Tyranny as “Bravery”,2012-11-24,Joshua Shnayer
"Chemo-Baths for Single Organs, A New Ear from One’s Own Tissue, and a Wealth of Knowledge for the Developing World: Good News Abounds",2012-11-21,Joshua Lipana
Walmart Isn’t Forcing Anyone To Work on Thanksgiving,2012-11-21,Ross England
Rights-Violating Union Laws Threaten to Kill Hostess,2012-11-20,Ari Armstrong
"Rooting Out the Motive of ""Plant Rights"" Advocates",2012-11-18,Ross England
Latest Loss Report Shows it’s Time to End the Postal Monopoly,2012-11-17,Ross England
"Don’t Regulate the Innocent, Punish the Guilty",2012-11-13,Michael A. LaFerrara
IJ’s McNamara Defends Rights of Cab Companies to do Business,2012-11-12,Ari Armstrong
Virginians Vote to Defend Property Rights,2012-11-10,Ari Armstrong
The Heroes who Enabled Advance Warning of Sandy,2012-11-09,Michael A. LaFerrara
Amazon Kindle E-Reader Brings Books to the Developing World,2012-11-08,Ross England
"If Republicans Want to Win, They Must Embrace Individual Rights",2012-11-07,Ari Armstrong
And Neither We Shall Have,2012-11-07,Victoria Malin Gregory
"Science Should be Funded Privately, Not Through Federal “Investment”",2012-11-06,Ross England
"Why Your Vote for Romney Matters, Swing State or Not",2012-11-05,Craig Biddle
"Soccer Coach Wenger is Right to Reject ""Positive Racism""",2012-11-04,Derrick Nantz
Alex Epstein to Debate Bill McKibben on Whether Fossil Fuels Improve or Harm the Planet,2012-11-02,Ross England
Cheers to the Heroes Driving the American Oil and Gas Boom,2012-11-01,Michael A. LaFerrara
HuffPo’s Sanghoee Uses Tragedy of Sandy to Smear Ayn Rand,2012-10-31,Ari Armstrong
"Gay Marriage: The Right to Voluntary Contract, Not to Coercive “Contract”",2012-10-29,Michael A. LaFerrara
"Evolution is Scientific Fact, Not a “Lie from Hell”",2012-10-28,Ross England
The GOP’s Religious Albatross,2012-10-27,Michael A. LaFerrara
Ayn Rand vs. Obama: Whose Ideas are Right for Teens (and Adults)?,2012-10-26,Craig Biddle
Video Short Shows Dismal Reality of Life Without Capitalism,2012-10-25,Ross England
Eric Michael Johnson Reveals Misconception of Objectivity,2012-10-24,Ross England
Romney Pays Scant Attention to Islamist Threat; Obama Pays None,2012-10-23,Ari Armstrong
Kristof’s Readers Properly Reject Guilt-Laden Argument for ObamaCare,2012-10-22,Ross England
Report on the Objective Standard Mini-Conference in Dallas,2012-10-22,Chak Kakani
The Bill of Reproductive Rights Needs Some Revision,2012-10-21,Ross England
Praise Is Due for Facial Transplant Success,2012-10-20,Ross England
Rand’s Ethics Withstand Objections from Evolutionary Anthropologists,2012-10-19,Ross England
Jonathan Hoenig: Hopeful and Fearful about the Future,2012-10-19,Joshua Lipana
Obama’s Doctrine of “Fairness” has been Tried Elsewhere,2012-10-17,Ari Armstrong
Congratulations to Felix Baumgartner and Red Bull Stratos,2012-10-16,Joshua Lipana
Why Forcibly Limiting Campaign Spending is Censorship—And Why it Matters,2012-10-14,Ari Armstrong
Laughing Joe’s Egalitarian Aim,2012-10-12,Ari Armstrong
Latest Islamist Attacks and U.S. Appeasement,2012-10-10,Ari Armstrong
So 7.8 Percent Unemployment is Good News?,2012-10-08,Ari Armstrong
Sesame Street to PBS: “Don’t Be a Bully”,2012-10-07,Ari Armstrong
When Politics Corrupts Money,2012-10-06,Ari Armstrong
Archbishop’s Claim that Gay Marriage Threatens Religious Freedom is a Threat to Religious Freedom,2012-10-05,Michael A. LaFerrara
“Trickle Down Government”: Obama’s Economic Vision,2012-10-04,Ari Armstrong
The Question that Matters in this Presidential Election,2012-10-03,Ari Armstrong
The Meaning of Obama’s Government “Investments”,2012-10-01,Ari Armstrong
Global Wealth “Redistribution” for Equal Poverty: The Egalitarian Ideal,2012-09-29,Ari Armstrong
Government Control of Medicine Necessitates Rationing,2012-09-28,Ari Armstrong
Obama’s Apology vs. Responsibility Regarding the Libyan Murderers,2012-09-27,Michael A. LaFerrara
Romney vs. Romney on Coercive Wealth Redistribution,2012-09-26,Michael A. LaFerrara
Richard Salsman: Religion of Democracy Undermines Rights,2012-09-25,Ari Armstrong
The Meaning of Appeasement in the Middle East,2012-09-24,Ari Armstrong
Sam Harris Pointedly Defends Free Speech,2012-09-22,Ari Armstrong
Islamists Embrace Universal Rights Violations,2012-09-14,Ari Armstrong
Philippine Government Morally Must Crush New People’s Army,2012-09-13,Joshua Lipana
"Why the Murders in Benghazi “Should Shock the Conscience of People of All Faiths""",2012-09-12,Craig Biddle
The Atrocity Following 9/11,2012-09-11,Craig Biddle
Separation of State from Religion—and Education—are Corollary Principles of the Right,2012-09-11,Michael A. LaFerrara
Obama’s “Forward” Politics of the 1930s,2012-09-10,Ari Armstrong
Clinton’s Choice,2012-09-09,Ari Armstrong
"Schiff Exposes the Nihilistic, Anti-Profit Left",2012-09-08,Ari Armstrong
Democrats Show Their Anti-Choice Colors,2012-09-07,Ari Armstrong
Eastwood Reminds Us Whose Country This Is,2012-09-06,Ari Armstrong
Obama Urges Amendment to Overturn the First Amendment,2012-09-05,Michael A. LaFerrara
“You Didn’t Build That”—Elementary School Edition,2012-09-04,Ari Armstrong
Celebrate not Labor but Thought,2012-09-03,Craig Biddle
"Thank You, Ayn Rand, for Atlas Shrugged",2012-09-02,Craig Biddle
Rice and Republicans Condemn Politics of Envy,2012-09-01,Ari Armstrong
Paul Ryan’s Altruism Leads to His Statist Measures,2012-08-31,Ari Armstrong
Ryan’s Pro-Freedom Rhetoric Clashes with His Promise of Government Controls,2012-08-30,Ari Armstrong
Cronyism for the Children?,2012-08-29,Ari Armstrong
A 5-Point Strategy for Winning Back the Land of Liberty,2012-08-29,Craig Biddle
Indian Patients Wait Weeks for Treatment—Can You Guess Why?,2012-08-28,Ari Armstrong
Help TOS Reach More Minds with Ayn Rand's Ideas,2012-08-28,Craig Biddle
Phonak Brings Mozart to Once-Deaf Man,2012-08-27,Ari Armstrong
Atheism Rises in U.S.—But What About Reason?,2012-08-25,Ari Armstrong
"Open Letter to Paul Krugman re Intellectual Impotence, Inflation, and Ayn Rand",2012-08-24,Craig Biddle
"Rand Supported Legal Abortion and Other Rights, Burns Notes",2012-08-24,Ari Armstrong
"Eugene Robinson’s Disdain for the Working Class, and Distortion of Ayn Rand",2012-08-23,Michael A. LaFerrara
Is Dan Ariely's Latest Book Predictably Dishonest?,2012-08-22,Daniel Wahl
Todd Akin and the GOP’s Abortion Problem,2012-08-21,Ari Armstrong
Hold Paul Ryan to His Word,2012-08-19,Ari Armstrong
Can Paul Ryan Make the Moral Case for Capitalism?,2012-08-18,Paul Hsieh
Parent Trigger Laws Indicate Growing Strength of the Parental School Choice Movement,2012-08-17,Michael A. LaFerrara
Rob Lowe Admirably Defends Ayn Rand’s Atlas Shrugged,2012-08-15,Ari Armstrong
Why I’m a Free-Market Liberal,2012-08-11,Ari Armstrong
How Paul Ryan as GOP VP Nominee Does—And Does Not—Change The Debate,2012-08-11,Paul Hsieh
Two Questions for Advocates of Obama’s Flukenomics,2012-08-10,Ari Armstrong
The Posture of Self-Esteem,2012-08-09,Ari Armstrong
How Alan Turing Outsmarted Britain's Home Guard—and For Their Own Good,2012-08-08,Daniel Wahl
"An Olympian Congratulations to Kirani James, Oscar Pistorius—and Össur Kristinsson",2012-08-06,Ari Armstrong
"Understanding Obama: It’s Not the Economy, Stupid!",2012-08-05,Michael A. LaFerrara
Iran Calls Yet Again for Annihilation of Israel,2012-08-03,Ari Armstrong
Obama’s Way vs. The American Way,2012-08-02,Michael A. LaFerrara
End U.S. Extortion Payments to Egypt,2012-07-31,Ari Armstrong
Obama’s Hideous Moral Equivalence Toward Israel,2012-07-30,Michael A. LaFerrara
Celebrate the Cinema,2012-07-29,Ari Armstrong
Andy Kessler Takes on Job-Destroying Mandates,2012-07-28,Daniel Wahl
Condemn Scapegoating in Aftermath of Atrocities,2012-07-27,Ari Armstrong
Spotlight on Art,2012-07-26,Ari Armstrong
Thoughts on the Aurora Murders and Armed Citizens,2012-07-25,Ari Armstrong
Ian Fleming's Beautiful Plan to Defeat the Nazis,2012-07-24,Daniel Wahl
"Government Spending Keeps Growing, and Growing . . .",2012-07-23,Ari Armstrong
The Dark Knight Rises—And Asks Us to Rise As Well,2012-07-22,Ari Armstrong
On a Revisionist’s Proposal to Upend the Declaration of Independence,2012-07-21,Michael A. LaFerrara
"Hands Off, Uber Car Service Tells D.C. Politicians",2012-07-19,Ari Armstrong
What ObamaCare Means to Me,2012-07-18,Hannah Krening
Legalized Looting on the Rise,2012-07-17,Ari Armstrong
"No, Edolphus, Health Care is Not a “Right” or a “Privilege”",2012-07-16,Ari Armstrong
Pacific Legal Foundation Scores Moving Victory,2012-07-15,Ari Armstrong
Will the 58 Percent Save America?,2012-07-14,Michael A. LaFerrara
Islamist Ideology Leads to Murder—Again,2012-07-13,Ari Armstrong
"Science vs. Environmentalism, Exhibit 372B",2012-07-12,Craig Biddle
Sword Enthusiasts Kickstart Clang with Cool Half-Mil,2012-07-11,Ari Armstrong
"Gutenberg the Geek and ""Patron Saint of Silicon Valley""",2012-07-10,Daniel Wahl
Higgs Boson Research: Testament to the Power—or the Crudeness—of the Human Mind?,2012-07-08,Ari Armstrong
Education Tax Credits Are Not Government Subsidies,2012-07-07,Michael A. LaFerrara
China’s One-Child Policy Illustrates Rights-Violating Horror of Collectivism,2012-07-06,Ari Armstrong
Prometheus and the Black Goo of Altruism,2012-07-02,Ari Armstrong
ObamaCare Tax: A Sophistic Assault on the Rule of Law,2012-06-30,Ari Armstrong
The Aftermath of the SCOTUS ObamaCare Ruling,2012-06-29,Ari Armstrong
Supremes’ ObamaCare Ruling: Altruism In Politics,2012-06-28,Ari Armstrong
Institute for Justice Wins Victory in Bone-Marrow Compensation Case,2012-06-27,Ari Armstrong
"In Montana Case, Supreme Court Protects Free Speech, Again",2012-06-26,Ari Armstrong
A Few Words for Hugh Jackman from Richard Feynman,2012-06-25,Daniel Wahl
Linux Creator Linus Torvalds Celebrates Rational Selfishness,2012-06-24,Ari Armstrong
Marxist-Inspired Occupy Movement Seeks Freedom—From Reality,2012-06-23,Ari Armstrong
Scrap New Teacher Tenure Policy; Erect Wall Between Government and Education,2012-06-22,Michael A. LaFerrara
The Indecency of FCC Censorship,2012-06-21,Ari Armstrong
Government’s Proper Role Regarding Tuition Rates for “Illegal” Immigrants,2012-06-20,Ari Armstrong
Ragnar Danneskjold’s Love,2012-06-18,Craig Biddle
Mises on Government: Size Doesn’t Matter,2012-06-15,Ari Armstrong
New Jersey’s Surrogate Motherhood Bill and Its Vicious Opposition,2012-06-14,Michael A. LaFerrara
Clockwork Angels Showcases Rush’s Pride,2012-06-13,Ari Armstrong
The Morality of Unequal Pay for Unequal Work,2012-06-11,Ari Armstrong
Hey “Liberals”: Obama Has Nothing On Your Should-be Hero Bush,2012-06-10,Michael A. LaFerrara
Gladwell & Co.’s Monstrous Injustice Against Businessmen,2012-06-09,Ari Armstrong
Laws Against Human Life and the Heroes Who Fight Them,2012-06-08,Ari Armstrong
"SAT Sponsor Caves to Egalitarians, Throws Smartest Teens Under Bus",2012-06-07,Richard M. Salsman
Why Walker’s Victory Matters,2012-06-06,Ari Armstrong
Hats Off to McDonald’s and Coca-Cola for Protesting Soda Ban,2012-06-05,Ari Armstrong
A Time to Betray now Slated for the Screen,2012-06-03,Daniel Wahl
"Inigo Montoya on ""Overnight Success""",2012-06-02,Daniel Wahl
"For Genuine Economic Recovery, Ask “What Would Mises Do?”",2012-06-01,Ari Armstrong
Arnold Kling’s “Free Enterprise” Plan for American Fascism,2012-05-31,Ari Armstrong
Heroic Scientists Achieve Major Advancement in Battle Against Cancer,2012-05-30,Michael A. LaFerrara
"Obama Should Defend Doc Who Located bin Laden, Not Feed Him to Pakistan’s Wolves",2012-05-29,Ari Armstrong
BrainGate Technology Enables Paralyzed Woman to Control Robotic Arm,2012-05-27,Joshua Lipana
Soviet-Style Test Question Highlights Dangers of Government-Run Schools,2012-05-26,Michael A. LaFerrara
Teenager Builds Portable X-Ray Machine using Old Suitcases,2012-05-25,Joshua Lipana
The Sentencing of Dharun Ravi: Judge’s Reasoning Highlights Dangers of “Hate Crime” Laws,2012-05-24,Michael A. LaFerrara
Gaiman: “Live as Only You Can”,2012-05-23,Ari Armstrong
"Congratulations, SpaceX!",2012-05-22,Ari Armstrong
The Wasteful Destructiveness of Tax-Funded Education,2012-05-21,Michael A. LaFerrara
Marine Returns to Beautiful Surprise: Sees Son with Cerebral Palsy Walk for the First Time,2012-05-20,Joshua Lipana
Greek Crisis Deepens—TOS’s Week in Review for May 19,2012-05-19,Ari Armstrong
Sam Harris Couldn’t Help But Smear Ayn Rand,2012-05-17,Ari Armstrong
Breakthrough in Gene Therapy Holds Great Promise,2012-05-16,Joshua Lipana
JPMorgan’s Big Loss Highlights the Virtue of Capitalism,2012-05-15,Ryan Krause
"Privatize the Postal Service: Protect Rights, Save Money, Improve Service",2012-05-14,Hannah Krening
"Thanks to a Bionic Suit, Paralyzed Mom Finishes Marathon",2012-05-13,Joshua Lipana
France’s Real Problem—TOS’s Week in Review for May 12,2012-05-12,Ari Armstrong
"Europe Needs Real Liberty, Not Fake “Austerity”",2012-05-11,Ari Armstrong
It’s Time to End Occupational Licensure,2012-05-10,Michael A. LaFerrara
The Difference between Voluntary Exchange and Rationing in Healthcare,2012-05-09,Michael A. LaFerrara
Congress Should Reject Obama’s “To Do List” and Remind the President of his Proper Role,2012-05-08,Ari Armstrong
"Cruising Uphill, Thanks to Big Oil",2012-05-07,Hannah Krening
"Extraordinary Courage, Bionic Eyes, and Remarkable Manufacturing: Good News Abounds",2012-05-06,Joshua Lipana
“Who the Hell Is Julia?” TOS’s Week in Review for May 5,2012-05-05,Ari Armstrong
Don’t Blame Walmart for Bribery in Mexico,2012-05-04,Ryan Krause
"Steve Jobs, Willy Wonka, and Good Reason for a Torrent of Expletives",2012-05-03,Daniel Wahl
The Israeli Freedom Movement Stands Against Leftists on May Day,2012-05-03,Joshua Lipana
"Occupiers Celebrate Communism, Socialism, and Anarchism for May Day",2012-05-02,Ari Armstrong
"On May Day, Remember the Victims of Communism—and Condemn the Evil Ideology",2012-05-01,Ari Armstrong
Will Bork Convince Romney to Select Anti-Liberty Judges?,2012-04-30,Ari Armstrong
"Adventures in Flight and Science, Good News Abounds",2012-04-29,Joshua Lipana
Washington’s Spending Problem and Other Matters: TOS’s Week in Review for April 28,2012-04-28,Ari Armstrong
"Repeal, Don’t Amend, the “Renewable Fuel Standard” Law",2012-04-27,Michael A. LaFerrara
“Crucify” Energy Producers: EPA Administrator Confesses Agency’s Goal,2012-04-26,Ari Armstrong
Is the Next Era of “Big Stuff” Upon Us?,2012-04-25,Ari Armstrong
Will Republicans Wield Muskets in a Nuclear War?,2012-04-24,Michael A. LaFerrara
Reflections on “Earth Day” 2012: Americans Begin to Wake Up,2012-04-23,Ari Armstrong
"Marxism “Begins with Theft and Ends with Murder,” Shows C. Bradley Thompson",2012-04-22,Ari Armstrong
"Week in Review for April 21, 2012",2012-04-21,Ari Armstrong
FEE Video with Scott Beaulier on Economic Freedom in Africa,2012-04-20,Joshua Lipana
ObamaCare and the Statists’ False Alternative,2012-04-19,Michael A. LaFerrara
Stop the Fracking Controls,2012-04-18,Ari Armstrong
"Hey, Dick Durbin, Limit This",2012-04-17,Joshua Lipana
Pull Peddling Intensifies in Washington,2012-04-16,Ari Armstrong
Soviet Mass Murder for Fun and Games?,2012-04-15,Ari Armstrong
Henderson Shows “How Property Rights Solve Problems”,2012-04-14,Ari Armstrong
Kibbe: Tea Party Aims for “Hostile Takeover”,2012-04-13,Ari Armstrong
States Join Extortion Racket Against Book Publishers,2012-04-12,Ari Armstrong
Freedom Rises in Guatemala,2012-04-11,Ari Armstrong
The Evolution of the Tea Party,2012-04-10,Ari Armstrong
New Jersey Government Begins Outright Theft of Gift Cards,2012-04-09,Ari Armstrong
The Secular Joy of Easter,2012-04-08,Craig Biddle
"AmeriCorps: Collectivist, Immoral, and Should be Eliminated",2012-04-07,Joshua Lipana
President Obama: The Preeminent “Social Darwinist”,2012-04-07,Ari Armstrong
Penn & Teller Merge Entertainment with Big Ideas,2012-04-06,Ari Armstrong
"Court Tosses Colorado’s “Amazon Tax,” Injustice Remains",2012-04-06,Ari Armstrong
Richard Salsman: Strike Down All Health-Care Mandates,2012-04-05,Joshua Lipana
Freedom-Loving Americans Must Condemn DOJ’s Bullying of Book Sellers,2012-04-05,Ari Armstrong
"UN Officer Lies on Twitter about Israeli Attack, Remains Employed",2012-04-04,Joshua Lipana
Obama’s Attack on the Supreme Court is an Assault on the American System,2012-04-03,Michael A. LaFerrara
"Reason Ralliers Need the ""How"" of Reason-Based Rights",2012-04-02,Ari Armstrong
Keep the Lights On—and Shine ‘Em on Environmentalist Nonsense,2012-03-31,Craig Biddle
Why does E.J. Dionne Pretend the United States is a Democracy?,2012-03-30,Gideon Reich
Memo to Justice Kagan: Taxes Are Coercive,2012-03-30,Ari Armstrong
Force Begets Force Under Health Mandates,2012-03-29,Ari Armstrong
Proposed Ban on Words Assaults Reason and Life,2012-03-29,Ari Armstrong
"Interview with Ann McElhinney on Fracking, James Cameron, and Cold Beer",2012-03-28,Joshua Lipana
Mandatory DNA Testing for Newborns and Parents would Violate their Rights,2012-03-28,Michael A. LaFerrara
"From Morning Brew to Space Exploration, Good News Is All Around",2012-03-27,Ari Armstrong
"Verizon has Moral Rights, ""Excessive Concentration"" and ""Public Interest"" be Damned",2012-03-26,Joshua Lipana
Hunger Games a Worthy Addition to Dystopian Corpus,2012-03-25,Ari Armstrong
“Best Friends” Ban in UK Schools Mirrors Ayn Rand’s Anthem,2012-03-24,Ari Armstrong
"ObamaCare Turns Terrible Two, The Fight to Repeal it Continues",2012-03-23,Joshua Lipana
Bernanke Defends Fed Policy that Turned Dollar Into Four Cents,2012-03-23,Ari Armstrong
"Supreme Court Properly Slaps Down EPA’s Assault on Property Owners, But . . .",2012-03-22,Ari Armstrong
Philippines: Destroy the Moro Islamic Liberation Front,2012-03-21,Joshua Lipana
Reconsidering Greg Smith’s Goldman Sachs Op-Ed,2012-03-21,Ryan Krause
Amazon’s Robots: “Raising the Productivity of Your Time”,2012-03-20,Ari Armstrong
Georgia’s “Subpar” Day Care Centers Couldn’t Survive Capitalism,2012-03-19,Joshua Lipana
Scientists Need Not “Study” Psychic Nonsense to Reject It,2012-03-19,Ari Armstrong
Teacher Accountability Follows from Genuine Market Activity,2012-03-19,Michael A. LaFerrara
African Slavery Highlights Evil of Involuntary Servitude,2012-03-18,Ari Armstrong
North Korea’s “National Script”: Yet Another Fair Warning,2012-03-17,Joseph Kellard
The Problem at Goldman Sachs Isn’t Greed but Irrationality,2012-03-17,Ryan Krause
The U.S. Should Rescue Gross and End the Castro Regime,2012-03-15,Joshua Lipana
"Encyclopaedia Britannica Ceases Printing, Marks Advance",2012-03-15,Ari Armstrong
Fonda’s Call to Censor Limbaugh Stems from Government Control of Airwaves,2012-03-14,Ari Armstrong
Anticapitalist Lorax Succeeds . . . Thanks to Capitalism,2012-03-13,Ari Armstrong
"Obama Administration Cuts Illegitimate Program, Conservatives Complain",2012-03-12,Ari Armstrong
Kudos to the Colorado Supreme Court for Upholding Concealed Carry On “Public” Campuses,2012-03-11,Ari Armstrong
Justice Department Unjustly Attacks Apple,2012-03-11,Ari Armstrong
Hope and Help for Africa Rests with Embrace and Example of Rights,2012-03-10,Ari Armstrong
"Temple Grandin, Justly Awarded and Profoundly Inspiring",2012-03-09,Ari Armstrong
Andrew Breitbart’s “So?”—A Great Question and Now a Worthy Charity,2012-03-09,Craig Biddle
Absurd Bill Sought to Ban “Discrimination” Against Raunchy Biker Attire,2012-03-08,Ari Armstrong
"Write Us a Song, and That’s Lucky Too",2012-03-07,Ari Armstrong
Chevy Volt Powers Down; Who Could Have Guessed?,2012-03-07,Ryan Krause
Judge Nixes Maryland’s Rights-Violating Handgun Restrictions,2012-03-06,Ari Armstrong
Why the Outrage Over Welfare for Strip Clubs?,2012-03-05,Ari Armstrong
“Hate Crime” Laws are Gateways for Censorship and Statism,2012-03-05,Michael A. LaFerrara
"In Fight for Property Rights, Institute for Justice Tops “Pyramid of Moral Endurance”",2012-03-04,Ari Armstrong
Oscar-Winning Hugo Celebrates Creative Genius of Méliès,2012-03-04,Ari Armstrong
"Bureaucrats Demand You Stop Smoking... and Stop Not Smoking, Too",2012-03-03,Ryan Krause
Elizabeth Price Foley: The Implication of the Individual Mandate is Unlimited,2012-03-03,Joshua Lipana
Limbaugh’s “Slut” Comment Typifies the Wrongs of the Right,2012-03-02,Ari Armstrong
"Happy Birthday, Dr. Seuss—And Thanks for My Love of Reading",2012-03-02,Ari Armstrong
Geithner and “Progressives” Favor Expanded Involuntary Servitude,2012-03-01,Ari Armstrong
Judge Tosses Rights-Violating Cigarette Labels,2012-03-01,Ari Armstrong
Jason Calacanis Nails It,2012-02-29,Daniel Wahl
Santorum “Throws Up” on Separation of Church and State,2012-02-29,Ari Armstrong
“Zombie Mohammed” Case Shows Western Capitulation to Islamist Barbarism,2012-02-28,Ari Armstrong
Iran Speeding Up Nuclear Work; Solution Remains the Same,2012-02-28,Joshua Lipana
"Independent Reasoning, Not Prayer or Groupthink, Guides Fight Against Ravages of MS",2012-02-27,Ari Armstrong
Iranian Regime Renews Threat Against Israel; Solution Remains the Same,2012-02-27,Joshua Lipana
Pope Immorally Condemns “Artificial Fertility”,2012-02-26,Ari Armstrong
Afghan Riots Indicate Deadly Consequences of Loving Our Enemies,2012-02-26,Ari Armstrong
Obama’s “Cruel Disregard” for the Sick—and the Well,2012-02-25,Michael A. LaFerrara
"Happy Birthday, Steve Jobs—and Thank You",2012-02-24,Ari Armstrong
Why Greece’s and America’s Economies Stink,2012-02-24,Ari Armstrong
Moral Justice Requires not Shuffling but Eliminating Corporate Taxes,2012-02-23,Ari Armstrong
A Rational U.S. Policy Regarding Iran and Saudi Arabia,2012-02-23,Craig Biddle
Fear Not “Satan” but Santorum,2012-02-22,Ari Armstrong
"My Interview with Cynthia Farahat, Now in Hebrew",2012-02-22,Joshua Lipana
"""If You’re Looking for Brains, Just Stop at Israel""",2012-02-21,Gideon Reich
Education “Stimulus” Thwarts Education,2012-02-21,Ari Armstrong
"Government Stimulus: $489,000 to Renovate a Yacht",2012-02-20,Joshua Lipana
Washington Guided the Constitutional Convention,2012-02-20,Ari Armstrong
Mysticism Claims More Victims,2012-02-19,Ari Armstrong
Sasha DiGiulian: The Sight of an Achievement,2012-02-18,Craig Biddle
Obama Admin Seeking to Reestablish Funding for Evil UNESCO,2012-02-18,Joshua Lipana
A Note from Peter Huessy on Egypt,2012-02-17,Joshua Lipana
The Problem of Gary Johnson’s Libertarian Affiliation,2012-02-17,Ari Armstrong
Everyone Pays When Birth Control is “Free”,2012-02-16,Daniel Wahl
Government School Steams Parents Over Lunch Controls,2012-02-16,Ari Armstrong
How the Catholic Church Paved the Way for the Birth Control Mandate,2012-02-15,Michael A. LaFerrara
"‘Keep Your Eyelids Up,’ Dr. Seuss Implores",2012-02-15,Ari Armstrong
Ignore Santorum’s Depraved Prescription: Have Sex for Pleasure this Valentine’s Day,2012-02-14,Ari Armstrong
FDA Shuts Down Farm for... Selling Fresh Milk,2012-02-14,Joshua Lipana
Facebook Provides an Enormous Value,2012-02-14,Ari Armstrong
Modern Greeks Destroy ‘Foundations of Justice’,2012-02-13,Ari Armstrong
Should a “homosexual contract” be called something other than marriage?,2012-02-13,Michael A. LaFerrara
A Vital Truth for Valentine’s Day: Say’s Law and Romantic Love,2012-02-12,Craig Biddle
"As Kodak Exits Camera Business, Remember the Genius of George Eastman",2012-02-12,Ari Armstrong
"The Government Should Extend Freedom, not HARP",2012-02-11,Michael A. LaFerrara
"Interview with Cynthia Farahat on Growing Up in Egypt, Discovering Ayn Rand, and Fighting Islamists",2012-02-10,Joshua Lipana
Liability Reform Shouldn’t Be Limited to Space Industry,2012-02-08,Ari Armstrong
Not Only Catholics Should be Angered by Birth Control Mandates,2012-02-08,Ari Armstrong
End Tax Favoritism for Wind Energy,2012-02-08,Ari Armstrong
Israel Should Obliterate the Iranian Regime,2012-02-06,Joshua Lipana
Message to Gov. Christie and His Critics: Gay Marriage is a Moral Right,2012-02-06,Michael A. LaFerrara
The Key to Eating and Acting Without Regret,2012-02-04,Daniel Wahl
Human Rights Watch is Wrong on Islam and Politics,2012-02-04,Joshua Lipana
What's So Super About the Super Bowl?,2012-02-02,Joseph Kellard
Three Ways iDoneThis Helps Me Get Things Done,2012-02-02,Daniel Wahl
There is No ‘Right to Work’ Against an Employer’s Consent,2012-02-01,Ari Armstrong
Texas Anti-Abortion Law Violates Rights to Liberty and Freedom of Speech,2012-01-31,Ari Armstrong
Gingrich Seeks to Violate Rights of Women and Doctors to Engage in Fertility Care,2012-01-30,Ari Armstrong
The Grey: A Great Reminder of Crucial Truths,2012-01-30,Paul Hsieh
"Obama Should Help End All Energy Subsidies, Not Play Favorites",2012-01-28,Ari Armstrong
Warren Buffett Immorally Calls for Tax Hikes on Top Producers,2012-01-27,Ari Armstrong
"Great Producers Deserve Our Gratitude, Not Obama’s Tax Hikes",2012-01-26,Ari Armstrong
Mitch Daniels: Business is “One of the Noblest of Human Pursuits”,2012-01-26,Joshua Lipana
"To Give Americans a “Fair Shot,” Obama Should Stop Violating Our Rights",2012-01-25,Ari Armstrong
Double-Taxation Means Double Injustice for Romney,2012-01-25,Ari Armstrong
Romney Should Call for Property Rights and Lower Taxes for Everyone,2012-01-24,Ari Armstrong
Obama’s “Tough Talk” Regarding Syria’s Membership in UNESCO Body is Immorally Inadequate,2012-01-23,Joshua Lipana
The Immorality of a “Reasonable Profits Board”,2012-01-22,Trevor Conn
Did God Help the Patriots Beat the Broncos?,2012-01-15,Ari Armstrong
High Time to End the Iranian Regime,2012-01-14,Joshua Lipana
"Interview with Peter Huessy on U.S. Foreign Policy, Iran, and the Middle East",2012-01-12,Craig Biddle
Who Deserves Credit for Tebow’s 316 Yards?,2012-01-09,Ari Armstrong
"Even with Gary Johnson, the Libertarian Party Undermines Liberty",2012-01-09,Ari Armstrong
Santorum Stands for Big Government because He Stands for Collectivism,2012-01-04,Ari Armstrong
Interview with Clare M. Lopez on Islam and the Enemies of America,2011-12-30,Craig Biddle
U.N. Pays Tribute to Communist Butcher,2011-12-28,Joshua Lipana
Newt Sides with Anti-Abortion Zealots,2011-12-22,Ari Armstrong
Did the U.S. government secretly plan for a drone to crash in Iran?,2011-12-20,Daniel Wahl
Orville and Wilbur: Men of the Mind,2011-12-17,Daniel Wahl
Obama’s Osawatomie Shakedown: Critics’ Roundup,2011-12-15,Ari Armstrong
Never Count a Good Author Out,2011-12-10,Daniel Wahl
"To Protect Rights, Phase Out Payroll Tax Completely",2011-12-09,Ari Armstrong
"Contra Occupiers, Profits Embody Justice",2011-12-02,Ari Armstrong
A Pledge for GOP Presidential Contenders: Repudiate the U.N. Wholesale,2011-11-28,Joshua Lipana
Spain Ousts Socialists—Will Spaniards Seize Opportunity for Freedom?,2011-11-23,Joshua Lipana
"Call It Exuberant Friday, Not “Black Friday”",2011-11-23,Ari Armstrong
"Don’t Say Grace, Say Justice",2011-11-16,Craig Biddle
Democrats Further Entrench Rights-Violating Net Neutrality Regulations,2011-11-15,Joshua Lipana
FDA Bans Life-Saving Asthma Medications to Protect Ozone,2011-11-06,Joshua Lipana
UNESCO Embraces PLO Terrorists,2011-11-02,Joshua Lipana
Newt’s Outrageous Package Deal: Secularism and Islam,2011-10-30,Joshua Lipana
Student Loan Scheme Just Another Rights-Violating Bailout,2011-10-28,Ari Armstrong
"Yes, President Obama, We Can’t Wait...",2011-10-25,Ari Armstrong
Harry Reid and Company’s Latest Immoral Scheme,2011-10-16,Joshua Lipana
“Fair Tax” Offers Neither Fairness Nor Simplicity,2011-10-12,Ari Armstrong
How to Actually “Separate Government from the Corporations”,2011-10-11,Ari Armstrong
Steve Jobs' Philosophy of Life,2011-10-08,Craig Biddle
Fuel Controls Violate Rights and Stifle Markets,2011-10-07,Ari Armstrong
France Needs Laissez-Faire,2011-10-04,Joshua Lipana
"""Fair Tax"" Looks Ugly in the Details",2011-10-01,Ari Armstrong
Gates Foundation: Three Obvious Solutions Ignored,2011-09-30,Richard M. Salsman
Of Saudi Savages and American Children,2011-09-28,Craig Biddle
The United Nations’ Assault on Tobacco Companies,2011-09-23,Joshua Lipana
The Obama Downgrade,2011-09-21,Joshua Lipana
Don’t Bribe Pakistan; Warn It,2011-09-20,Joshua Lipana
Bachmann is Right on Eliminating DOE,2011-09-14,Joshua Lipana
American Tax Dollars Going to North Korea,2011-08-27,Joshua Lipana
Philippines: The Aquino Government Coddles the Communists Again,2011-08-22,Joshua Lipana
Cheers to Big Tobacco for Defending Itself,2011-08-18,Joshua Lipana
Reality to Ron Paul: Iran Seeks to Kill Americans,2011-08-13,Joshua Lipana
"Venezuela: No Octavio, The Chavez Government is Socialist",2011-08-11,Joshua Lipana
Interview with Karl Kowalski,2011-08-10,Daniel Wahl
Philippines: Destroy the Abu Sayyaf,2011-08-03,Joshua Lipana
Jim Demint’s “Retirement Freedom Act” is a Step in the Right Direction,2011-07-22,Joshua Lipana
What to Celebrate on the Fourth of July,2011-07-03,Craig Biddle
AT&T and T Mobile Have a Moral Right to Merge,2011-06-30,Joshua Lipana
Geert Wilders is Not Brave Enough to Be a Coward,2011-06-25,Craig Biddle
Kudos to Rick Perry for Vetoing an Internet Tax Bill,2011-06-24,Joshua Lipana
"TOS's Week in Review, May 31, 2011",2011-05-31,Craig Biddle
"TOS's Week in Review for May 16, 2011",2011-05-17,Craig Biddle
"TOS's Week in Review for May 9, 2011",2011-05-09,Craig Biddle
Interview with Sean Saulsbury,2011-04-22,Daniel Wahl
Exploit-the-Earth Day,2011-04-18,Craig Biddle
A “Teal Movement” in Iran Could Be the End of the Regime: The U.S. Should Encourage It,2011-04-12,Craig Biddle
"Tea Party: ""Cut It or Shut It.""",2011-04-02,Joshua Lipana
Lee Bollinger: Let’s Force Americans to Broadcast Al Jazeera!,2011-03-16,Daniel Wahl
Chernobyl Schmernobyl: The Japanese are Competent,2011-03-15,Joshua Lipana
"Are ""Chinese Mothers"" Superior?",2011-01-26,Veronica Ryan
The Beauty of Ayn Rand’s Ethics,2010-12-29,Craig Biddle
Independence vs. Second-Handedness,2010-11-03,Craig Biddle
Vladimir Shlapentokh's Flagrant Dishonesty Regarding Ayn Rand,2010-10-28,Alan Germani
Should Tea Partiers Abandon or Embrace Ayn Rand?,2010-10-21,Alan Germani
"The ""Green"" Agenda, the Cost of Energy, and the Price of Freedom",2010-10-11,Daniel Wahl
Jean Meslier on the Dearth of Knowledge Resulting from the Acceptance of Religion,2010-09-04,Craig Biddle
"To Help Save America, Tea Partiers Must Fully Embrace Individual Rights",2010-08-20,Ari Armstrong
The Right to Immigrate and the Legitimacy of an Objective Screening Process,2010-08-17,Craig Biddle
Why Harry Reid Loves Social Security,2010-07-29,Daniel Wahl
"Happy Birthday, Ayaan Hirsi Ali!",2010-07-24,Daniel Wahl
Did Obama Ask the SEC to Assault Goldman Sachs?,2010-07-23,Daniel Wahl
Larry Downes Interviews Steve Simpson on Free Speech in America,2010-07-20,Craig Biddle
"There's Nothing ""Bright"" About the Stimulus Bill",2010-06-18,Daniel Wahl
"Today is ""Everybody Draw Mohammed Day""",2010-05-20,Craig Biddle
Does the SEC Care about Fraud?,2010-05-20,Daniel Wahl
"NATO to Award ""Courageous Restraint""?",2010-05-13,Alan Germani
"Obama on ""American Democracy""",2010-05-04,Daniel Wahl
"Drawings of Mohammed, in Defense of Human Life",2010-04-28,Craig Biddle
The Government May Soon Control All Waters,2010-04-26,Daniel Wahl
How to Stand with Stone and Parker,2010-04-24,Daniel Wahl
More Clarity from the Obama Administration?,2010-04-21,Daniel Wahl
The Spring 2010 Issue of TOS,2010-03-24,Craig Biddle
Dr. Hendricks from Atlas Shrugged on Socialized Health Care,2010-03-22,Craig Biddle
Periodic Table of the Sciences,2010-03-19,Daniel Wahl
Evolutionary Theory and the Global Warming Hypothesis: A World (of Evidence) Apart,2010-03-18,Wendell Hoenir
George and Sharlee McNamee Fight to Keep Their Own Back Yard,2010-03-04,Craig Biddle
Nothing Less than Victory: Now Available!,2010-02-15,Craig Biddle
Virtue and the Realization of Human Life: Response to Roderick Long on Ayn Rand,2010-02-03,Wendell Hoenir
Force versus Egoism and Happiness: Response to Will Wilkinson on Ayn Rand,2010-01-25,Wendell Hoenir
The Missile Gap and the Morality Gap,2010-01-21,Wendell Hoenir
The Towering Contradiction,2010-01-18,Wendell Hoenir
2009 Front Range Objectivism Media Output,2010-01-06,Craig Biddle
'Doing Nothing' Is An Option,2009-12-15,Paul Hsieh
"From the Editor, Winter 2009–2010",2009-11-20,Craig Biddle
"Bob McDonnell on Liquor Stores: Right Direction, Wrong Reason",2009-11-17,Michelle Minton
Lin Gilbert's Rationing Story,2009-11-12,Paul Hsieh
The Berlin Wall and the Meaning of its Fall,2009-11-10,Craig Biddle
The Best Option For The Public,2009-11-06,Paul Hsieh
Praying Won't Make It So,2009-11-05,Stella Daily Zawistowski
Explore Atlas Shrugged,2009-10-11,Craig Biddle
"Net Neutrality Means an Unfree, Slow, and 'Stupid' Internet",2009-10-08,Raymond C. Niles
Rationally Selfish Radio with Dr. Diana Hsieh,2009-09-27,Craig Biddle
The Fall Issue of TOS,2009-09-14,Craig Biddle
Four Important Articles for this God-Awful Date,2009-09-11,Craig Biddle
Yaron Brook Interviewed by Larry Greenfield,2009-09-03,Craig Biddle
The Dire Message of Mr. David Walker,2009-08-28,John David Lewis
Activism with TOS,2009-08-22,Craig Biddle
Suppose Car Insurance Was Considered to Be a 'Right',2009-08-20,John David Lewis
The Whole Foods Alternative to ObamaCare,2009-08-17,Craig Biddle
"The Health Care Bill: What HR 3200, 'America's Affordable Health Choices Act of 2009,' Says",2009-08-10,John David Lewis
"NYT Article on BB&T, John Allison, and Ayn Rand",2009-08-01,Craig Biddle
Jewish Settlements and Israeli Law,2009-07-29,John David Lewis
Summer Issue of The Objective Standard,2009-06-23,Craig Biddle
Yaron Brook on Islamic Totalitarianism,2009-05-02,Craig Biddle
Leftist Fantasy vs. the True Story of the Atomic Bombs,2009-05-02,Craig Biddle
Help Fight for a Future of Reason and Freedom,2009-04-26,Craig Biddle
John David Lewis's Charlotte Tea Party Speech,2009-04-20,John David Lewis
A Snapshot of Obama's Obscene Foreign Policy,2009-04-15,Craig Biddle
The Seals Have Done What 'God' Could Not,2009-04-13,Craig Biddle
A Tea Party Without Egoism Is like a Republic Without a Chance,2009-04-05,Craig Biddle
Does My Child Know Grammar Better Than Me?,2009-04-03,Lisa VanDamme
'Atlas Shrugged and Ayn Rand’s Morality of Egoism' Now Online,2009-03-27,Craig Biddle
Yaron Brook on Ayn Rand: A Triptych,2009-03-17,Craig Biddle
Rational Science versus Sacrificial Politics,2009-01-29,John David Lewis
Why Israel Attacked the Gaza,2009-01-27,John David Lewis
Life After VanDamme Academy,2009-01-13,Lisa VanDamme
'Green' vs. Good,2009-01-09,Craig Biddle
This is Your Future on 'Universal Healthcare',2009-01-06,Craig Biddle
"From the Editor, Winter 2008–2009",2008-11-20,Craig Biddle
On Loving America,2008-10-27,John David Lewis
'A Pygmalion of the Soul',2008-10-09,Lisa VanDamme
America's Anti-America Candidates,2008-10-08,Mark V. Kormes
Urgent Call to Action: EPA Threatens Your Life,2008-09-30,John David Lewis
Urgent: Oppose Bailout of Wall Street Now,2008-09-28,Craig Biddle
Math Magic,2008-09-26,Lisa VanDamme
Israel and the Front Line of Civilization,2008-06-21,John David Lewis
Yaron Brook on the Moral Foundation of Freedom,2008-06-17,Craig Biddle
Turkey's Turn Back to the Book,2008-05-24,John David Lewis
Rational Egoism in Ayn Rand's The Fountainhead,2008-04-28,Craig Biddle
An Interview with Lisa VanDamme on Education and Objectivism,2008-04-24,Craig Biddle
'Life and Taxes' by Yaron Brook,2008-04-17,Craig Biddle
Defender of Civilization: Andrew Bostom,2008-04-14,John David Lewis
Heidi Moore's Argument from Intimidation,2008-04-12,Craig Biddle
More on the Propriety of Donations with 'Strings',2008-03-31,Craig Biddle
Rational 'Strings' are Good Things,2008-03-25,Craig Biddle
An Islamist 'Declaration Against Terrorism',2008-03-23,John David Lewis
Free Speech vs. McCain and Company,2008-03-21,Craig Biddle
"Memoirs of a 'Criminal Mind': Georgia Tech, March 13, 2008",2008-03-18,John David Lewis
Remarkable Activism,2008-03-07,Craig Biddle
"Brook Takes Force to Mat, Wins",2008-02-18,Craig Biddle
Hippies + Guns = Banned Marines,2008-02-01,Craig Biddle
VanDamme Academy in the News,2008-01-28,Craig Biddle
"Health Care, Moral Rights, and Selfish Action",2008-01-09,Craig Biddle
Predatory Legislating,2007-12-05,Craig Biddle
Yesterday's Highlights: Stories From Home,2007-11-30,Lisa VanDamme
"From the Editor, Winter 2007–2008",2007-11-20,Craig Biddle
Deep-Six the Law of the Sea,2007-11-20,Craig Biddle
Mere Atheism,2007-11-05,Craig Biddle
Scrutinizing Scruton's Scrutinizing,2007-11-03,Craig Biddle
Lecture: 'Atlas Shrugged and Ayn Rand's Morality of Egoism',2007-10-08,Craig Biddle
Yesterday's Highlights: 'Success',2007-10-06,Lisa VanDamme
Good Press for Objectivism and Atlas Shrugged,2007-09-28,Craig Biddle
The First Day of School: VanDamme Academy Style,2007-09-25,Lisa VanDamme
More on Ahmadinejad's Forum at Columbia,2007-09-24,Craig Biddle
Fall Issue of TOS Now Online,2007-09-21,Craig Biddle
Religion and Relativism: The Axis of Evil (Exhibit 723-B: Ahmadinejad's Visit),2007-09-21,Craig Biddle
The Economics and Ethics of Moneylending,2007-09-19,Craig Biddle
Journalistic Jabberwocky: The Classificatory Nonsense of Kay S. Hymowitz,2007-09-16,Craig Biddle
Exploit the Earth or Die,2007-08-30,Craig Biddle
Regarding the Economic Costs of my Proposed Campaign against Iran,2007-08-25,Craig Biddle
The Bush Administration's Latest Deadly Evasion,2007-08-23,Craig Biddle
Mediocrities Hold Their Ground,2007-07-30,Craig Biddle
"Socialism is Anti-Life: Example # 1,375,457",2007-07-27,Bob Murphy
'Loophole': Anti-Euphemism of Statists,2007-07-25,Craig Biddle
'No Substitute for Victory' now in Hebrew,2007-07-22,John David Lewis
The Rushdie Fatwa and 'Religion vs. Free Speech',2007-06-23,Craig Biddle
Doctor Defends Freedom in Medicine,2007-06-04,Craig Biddle
The VanDamme Academy Field Trip,2007-05-29,Lisa VanDamme
The Writing Process: One Step at a Time,2007-05-22,Lisa VanDamme
The Failure of Field Trips,2007-05-03,Lisa VanDamme
John Lewis's Talk at GMU,2007-04-25,Alan Germani
The VanDamme Academy Curriculum...On One Foot,2007-04-01,Lisa VanDamme
"On Second Thought, GMU Refuses to Submit",2007-03-18,Craig Biddle
Rex Barks,2007-02-04,Lisa VanDamme
Life In Junior High - Part 2,2007-01-27,Lisa VanDamme
Life In Junior High,2007-01-23,Lisa VanDamme
Writing and Understanding,2007-01-10,Lisa VanDamme
'No Substitute for Victory': Replies to Criticisms,2007-01-08,John David Lewis
Pedagogically Correct,2007-01-04,Lisa VanDamme
The Imperative of Lecturing,2007-01-04,Lisa VanDamme
America's Sanction of its Enemies,2007-01-03,John David Lewis
Pattern Recognition vs. Real Understanding,2006-12-14,Lisa VanDamme
"Regarding: 'Bush's March to the (Mediterranean) Sea,' by Patrick Poole",2006-12-14,John David Lewis
The Homework Lie: Part 2,2006-12-06,Lisa VanDamme
The Homework Lie,2006-12-05,Lisa VanDamme
P is for Pajama Party or Paragraph?,2006-12-04,Lisa VanDamme
Open Letter to Republicans,2006-12-04,John David Lewis
The Power of Observation: From Art to Literature to Life,2006-12-03,Lisa VanDamme
The Real Key to Fixing Science Education,2006-11-30,Lisa VanDamme
Winter Issue of TOS,2006-11-30,Craig Biddle
Elementary Students Learn to Be Like Victor Hugo's Bird,2006-11-29,Lisa VanDamme
"From the Editor, Winter 2006–2007",2006-11-20,Craig Biddle
"Evil, and Uncorrectable",2006-11-06,John David Lewis
Insulting Our Soldiers vs. Sacrificing Them,2006-11-01,Craig Biddle
Notes on the Coming Election,2006-10-29,Craig Biddle
Why I Will Not Vote for Any Republican,2006-10-29,John David Lewis
Condemn the Power of Eminent Domain,2006-10-18,Larry Salzman
Government to American Enterprise: Be Irrational—We'll Help!,2006-10-08,Craig Biddle
Reply to a Question about Targeting Non-Combatants in War,2006-10-07,Craig Biddle
'Just War Theory' Gets Further Entrenched in U.S. 'War' Policy,2006-10-05,Craig Biddle
Religion would be a Hoot—if...,2006-10-05,Craig Biddle
Frist and Company Urge Compromise with the Taliban,2006-10-04,Craig Biddle
Dhimmitude Taking Root,2006-10-03,John David Lewis
Why Our (Long-Overdue) Retaliation Against Iran Should Include Bombing Mosques and Madrassahs,2006-09-19,Craig Biddle
A Foreign Policy of Nihilism?,2006-09-18,Craig Biddle
Military 'Solutions' Don't Work; Try Suicide!,2006-09-12,Craig Biddle
A Video from Memri on the Arab and Iranian Reaction to 9/11,2006-09-11,Craig Biddle
Relativism and Religion vs. the Lives of Americans,2006-09-07,Craig Biddle
Jesus on Family Values and Self-Love,2006-09-02,Craig Biddle
How to Solve America's Terrorism Problem in 5 Easy Steps,2006-08-31,Craig Biddle
As Predicted...,2006-08-29,Alan Germani
"Hezbollah Murders 56 Lebanese, Including 34 Children",2006-07-31,Craig Biddle
Iran's 'Lucky Break',2006-07-25,Alan Germani
The Taliban Can… Because We Let Them,2006-07-12,Craig Biddle
Gay Marriage and Rights vs. Democracy,2006-07-11,Alan Germani
On a Deluded America,2006-06-28,John David Lewis
"It's Religion and Altruism, Stupid: Take Two",2006-06-27,Craig Biddle
Of Mice and Men,2006-06-22,Craig Biddle
"It's Religion and Altruism, Stupid",2006-06-20,Craig Biddle
Somalia and Our Tragic Flaw,2006-06-15,Alan Germani
Altruism: The Morality of Suffering and Death (Exhibit 347R: Organ Donation),2006-06-13,Craig Biddle
Terrorism and the Koran,2006-06-11,John David Lewis
Sex-Changes for Freedom,2006-06-08,Alan Germani
Heroes at Harvard,2006-06-07,Craig Biddle
Legitimizing the Iranian Theocracy,2006-06-01,Alan Germani
Notes on the Near Eastern Legacy of Islam,2006-05-27,John David Lewis
Theocracy and Precedent,2006-05-26,John David Lewis
Michael Farris Interview on 'Fresh Air',2006-05-25,Alan Germani
The Society for Military History: A Report from the Front,2006-05-24,John David Lewis
Altruism: The Morality of Logical Fallacies,2006-05-22,Craig Biddle
The Little Dictators,2006-05-15,John David Lewis
A Victory for 'Abstract Concepts of Personal Autonomy',2006-05-13,Larry Salzman
Tribute to Iran,2006-05-12,John David Lewis
Faith and The Founders,2006-05-11,Alan Germani
'Flight 93',2006-05-11,John David Lewis
The Social Worker and The President,2006-05-10,John David Lewis
Introducing The Objective Standard,2006-02-20,Craig Biddle
